SeqNo, Year, Month, Day, ms, ECG Data
0,2016,09,20,48443013,531
,,,,,518
,,,,,506
,,,,,495
,,,,,489
,,,,,485
,,,,,483
,,,,,483
,,,,,486
,,,,,491
,,,,,499
,,,,,508
,,,,,515
,,,,,521
,,,,,524
,,,,,527
,,,,,531
,,,,,536
,,,,,542
,,,,,544
,,,,,544
,,,,,543
,,,,,542
,,,,,544
,,,,,549
,,,,,555
,,,,,560
,,,,,562
,,,,,562
,,,,,561
,,,,,559
,,,,,557
,,,,,554
,,,,,549
,,,,,543
,,,,,537
,,,,,531
,,,,,526
,,,,,523
,,,,,522
,,,,,523
,,,,,526
,,,,,528
,,,,,530
,,,,,530
,,,,,529
,,,,,527
,,,,,524
,,,,,521
,,,,,519
,,,,,518
,,,,,518
,,,,,518
,,,,,519
,,,,,519
,,,,,519
,,,,,519
,,,,,520
,,,,,521
,,,,,522
,,,,,524
,,,,,526
,,,,,528
1,2016,09,20,48443265,529
,,,,,529
,,,,,530
,,,,,529
,,,,,529
,,,,,528
,,,,,528
,,,,,528
,,,,,527
,,,,,527
,,,,,526
,,,,,524
,,,,,521
,,,,,517
,,,,,514
,,,,,511
,,,,,508
,,,,,506
,,,,,503
,,,,,499
,,,,,496
,,,,,492
,,,,,487
,,,,,483
,,,,,478
,,,,,473
,,,,,469
,,,,,467
,,,,,467
,,,,,467
,,,,,467
,,,,,466
,,,,,464
,,,,,462
,,,,,459
,,,,,456
,,,,,454
,,,,,451
,,,,,449
,,,,,448
,,,,,448
,,,,,451
,,,,,455
,,,,,460
,,,,,465
,,,,,470
,,,,,476
,,,,,481
,,,,,485
,,,,,487
,,,,,487
,,,,,485
,,,,,482
,,,,,478
,,,,,475
,,,,,473
,,,,,474
,,,,,476
,,,,,479
,,,,,482
,,,,,484
,,,,,485
,,,,,485
2,2016,09,20,48443517,485
,,,,,484
,,,,,483
,,,,,483
,,,,,483
,,,,,484
,,,,,484
,,,,,484
,,,,,483
,,,,,481
,,,,,478
,,,,,475
,,,,,473
,,,,,471
,,,,,470
,,,,,470
,,,,,470
,,,,,471
,,,,,470
,,,,,469
,,,,,468
,,,,,466
,,,,,466
,,,,,466
,,,,,468
,,,,,471
,,,,,475
,,,,,478
,,,,,482
,,,,,486
,,,,,488
,,,,,491
,,,,,493
,,,,,494
,,,,,495
,,,,,496
,,,,,496
,,,,,496
,,,,,495
,,,,,493
,,,,,491
,,,,,489
,,,,,486
,,,,,485
,,,,,484
,,,,,484
,,,,,484
,,,,,485
,,,,,485
,,,,,485
,,,,,485
,,,,,486
,,,,,486
,,,,,488
,,,,,489
,,,,,490
,,,,,491
,,,,,491
,,,,,491
,,,,,490
,,,,,489
,,,,,488
,,,,,488
3,2016,09,20,48443769,488
,,,,,488
,,,,,488
,,,,,489
,,,,,489
,,,,,489
,,,,,488
,,,,,487
,,,,,487
,,,,,487
,,,,,487
,,,,,488
,,,,,489
,,,,,491
,,,,,492
,,,,,494
,,,,,496
,,,,,497
,,,,,498
,,,,,499
,,,,,501
,,,,,502
,,,,,504
,,,,,505
,,,,,505
,,,,,503
,,,,,500
,,,,,496
,,,,,492
,,,,,488
,,,,,486
,,,,,487
,,,,,492
,,,,,498
,,,,,504
,,,,,509
,,,,,511
,,,,,509
,,,,,503
,,,,,494
,,,,,485
,,,,,477
,,,,,472
,,,,,471
,,,,,474
,,,,,480
,,,,,488
,,,,,495
,,,,,500
,,,,,504
,,,,,505
,,,,,505
,,,,,503
,,,,,502
,,,,,500
,,,,,498
,,,,,498
,,,,,497
,,,,,496
,,,,,496
,,,,,496
,,,,,498
,,,,,504
4,2016,09,20,48444018,512
,,,,,522
,,,,,531
,,,,,537
,,,,,539
,,,,,539
,,,,,539
,,,,,539
,,,,,539
,,,,,541
,,,,,543
,,,,,545
,,,,,546
,,,,,546
,,,,,546
,,,,,546
,,,,,545
,,,,,545
,,,,,546
,,,,,547
,,,,,547
,,,,,546
,,,,,545
,,,,,542
,,,,,539
,,,,,537
,,,,,535
,,,,,534
,,,,,533
,,,,,533
,,,,,532
,,,,,531
,,,,,529
,,,,,526
,,,,,523
,,,,,520
,,,,,517
,,,,,516
,,,,,517
,,,,,518
,,,,,520
,,,,,522
,,,,,523
,,,,,525
,,,,,526
,,,,,528
,,,,,530
,,,,,531
,,,,,533
,,,,,535
,,,,,537
,,,,,538
,,,,,538
,,,,,538
,,,,,536
,,,,,534
,,,,,533
,,,,,532
,,,,,532
,,,,,532
,,,,,531
,,,,,529
,,,,,527
5,2016,09,20,48444270,523
,,,,,519
,,,,,514
,,,,,509
,,,,,506
,,,,,504
,,,,,504
,,,,,504
,,,,,503
,,,,,499
,,,,,493
,,,,,487
,,,,,483
,,,,,481
,,,,,482
,,,,,486
,,,,,491
,,,,,498
,,,,,503
,,,,,507
,,,,,510
,,,,,511
,,,,,512
,,,,,513
,,,,,514
,,,,,513
,,,,,510
,,,,,505
,,,,,498
,,,,,491
,,,,,485
,,,,,481
,,,,,478
,,,,,478
,,,,,479
,,,,,481
,,,,,483
,,,,,485
,,,,,486
,,,,,486
,,,,,486
,,,,,485
,,,,,485
,,,,,485
,,,,,485
,,,,,485
,,,,,485
,,,,,485
,,,,,483
,,,,,481
,,,,,478
,,,,,476
,,,,,473
,,,,,472
,,,,,472
,,,,,473
,,,,,474
,,,,,476
,,,,,477
,,,,,477
,,,,,477
,,,,,475
,,,,,474
6,2016,09,20,48444522,473
,,,,,473
,,,,,474
,,,,,475
,,,,,477
,,,,,479
,,,,,481
,,,,,482
,,,,,482
,,,,,483
,,,,,484
,,,,,485
,,,,,487
,,,,,489
,,,,,491
,,,,,492
,,,,,492
,,,,,492
,,,,,491
,,,,,491
,,,,,490
,,,,,491
,,,,,491
,,,,,492
,,,,,493
,,,,,493
,,,,,494
,,,,,493
,,,,,493
,,,,,493
,,,,,494
,,,,,495
,,,,,496
,,,,,497
,,,,,498
,,,,,498
,,,,,497
,,,,,495
,,,,,494
,,,,,493
,,,,,493
,,,,,493
,,,,,494
,,,,,495
,,,,,496
,,,,,497
,,,,,497
,,,,,498
,,,,,498
,,,,,498
,,,,,500
,,,,,502
,,,,,504
,,,,,507
,,,,,508
,,,,,509
,,,,,509
,,,,,508
,,,,,506
,,,,,504
,,,,,503
,,,,,503
,,,,,503
7,2016,09,20,48444774,504
,,,,,505
,,,,,507
,,,,,507
,,,,,507
,,,,,506
,,,,,505
,,,,,504
,,,,,503
,,,,,503
,,,,,504
,,,,,504
,,,,,504
,,,,,504
,,,,,503
,,,,,503
,,,,,503
,,,,,504
,,,,,506
,,,,,508
,,,,,510
,,,,,513
,,,,,515
,,,,,517
,,,,,519
,,,,,521
,,,,,523
,,,,,525
,,,,,526
,,,,,527
,,,,,527
,,,,,526
,,,,,523
,,,,,520
,,,,,517
,,,,,515
,,,,,517
,,,,,522
,,,,,529
,,,,,538
,,,,,545
,,,,,548
,,,,,548
,,,,,543
,,,,,534
,,,,,523
,,,,,513
,,,,,507
,,,,,506
,,,,,510
,,,,,517
,,,,,527
,,,,,534
,,,,,539
,,,,,541
,,,,,542
,,,,,541
,,,,,539
,,,,,537
,,,,,534
,,,,,532
,,,,,530
,,,,,530
8,2016,09,20,48445023,531
,,,,,533
,,,,,536
,,,,,541
,,,,,547
,,,,,554
,,,,,562
,,,,,568
,,,,,570
,,,,,570
,,,,,566
,,,,,561
,,,,,557
,,,,,553
,,,,,549
,,,,,548
,,,,,547
,,,,,548
,,,,,549
,,,,,550
,,,,,550
,,,,,549
,,,,,548
,,,,,547
,,,,,546
,,,,,545
,,,,,545
,,,,,545
,,,,,545
,,,,,544
,,,,,542
,,,,,539
,,,,,536
,,,,,533
,,,,,530
,,,,,529
,,,,,529
,,,,,529
,,,,,531
,,,,,532
,,,,,532
,,,,,533
,,,,,534
,,,,,536
,,,,,537
,,,,,540
,,,,,543
,,,,,546
,,,,,549
,,,,,551
,,,,,552
,,,,,551
,,,,,548
,,,,,546
,,,,,544
,,,,,543
,,,,,542
,,,,,541
,,,,,539
,,,,,537
,,,,,534
,,,,,529
,,,,,525
9,2016,09,20,48445275,520
,,,,,516
,,,,,514
,,,,,512
,,,,,511
,,,,,510
,,,,,508
,,,,,505
,,,,,502
,,,,,499
,,,,,498
,,,,,499
,,,,,500
,,,,,500
,,,,,498
,,,,,494
,,,,,490
,,,,,487
,,,,,486
,,,,,489
,,,,,494
,,,,,500
,,,,,507
,,,,,513
,,,,,518
,,,,,523
,,,,,526
,,,,,528
,,,,,529
,,,,,530
,,,,,529
,,,,,528
,,,,,527
,,,,,526
,,,,,527
,,,,,527
,,,,,529
,,,,,530
,,,,,530
,,,,,529
,,,,,527
,,,,,525
,,,,,523
,,,,,521
,,,,,521
,,,,,521
,,,,,521
,,,,,522
,,,,,523
,,,,,524
,,,,,525
,,,,,527
,,,,,529
,,,,,531
,,,,,533
,,,,,535
,,,,,535
,,,,,534
,,,,,533
,,,,,531
,,,,,528
,,,,,527
,,,,,526
10,2016,09,20,48445527,525
,,,,,525
,,,,,525
,,,,,524
,,,,,522
,,,,,521
,,,,,520
,,,,,520
,,,,,521
,,,,,523
,,,,,526
,,,,,529
,,,,,532
,,,,,534
,,,,,536
,,,,,537
,,,,,537
,,,,,537
,,,,,538
,,,,,538
,,,,,539
,,,,,540
,,,,,541
,,,,,542
,,,,,542
,,,,,542
,,,,,543
,,,,,543
,,,,,545
,,,,,547
,,,,,549
,,,,,552
,,,,,555
,,,,,557
,,,,,559
,,,,,560
,,,,,561
,,,,,561
,,,,,561
,,,,,561
,,,,,561
,,,,,561
,,,,,560
,,,,,559
,,,,,558
,,,,,557
,,,,,556
,,,,,556
,,,,,557
,,,,,558
,,,,,560
,,,,,562
,,,,,564
,,,,,565
,,,,,565
,,,,,564
,,,,,562
,,,,,561
,,,,,559
,,,,,558
,,,,,558
,,,,,558
,,,,,558
11,2016,09,20,48445779,557
,,,,,555
,,,,,553
,,,,,552
,,,,,551
,,,,,551
,,,,,552
,,,,,554
,,,,,556
,,,,,558
,,,,,560
,,,,,562
,,,,,563
,,,,,562
,,,,,562
,,,,,561
,,,,,561
,,,,,561
,,,,,561
,,,,,561
,,,,,559
,,,,,557
,,,,,554
,,,,,551
,,,,,548
,,,,,547
,,,,,547
,,,,,549
,,,,,554
,,,,,562
,,,,,569
,,,,,576
,,,,,580
,,,,,580
,,,,,575
,,,,,566
,,,,,555
,,,,,544
,,,,,535
,,,,,529
,,,,,527
,,,,,526
,,,,,526
,,,,,526
,,,,,529
,,,,,533
,,,,,539
,,,,,546
,,,,,552
,,,,,556
,,,,,559
,,,,,561
,,,,,564
,,,,,565
,,,,,563
,,,,,559
,,,,,554
,,,,,550
,,,,,551
,,,,,555
,,,,,560
,,,,,564
,,,,,565
12,2016,09,20,48446037,563
,,,,,559
,,,,,556
,,,,,553
,,,,,550
,,,,,548
,,,,,544
,,,,,541
,,,,,537
,,,,,534
,,,,,531
,,,,,530
,,,,,529
,,,,,529
,,,,,530
,,,,,530
,,,,,530
,,,,,530
,,,,,528
,,,,,526
,,,,,524
,,,,,521
,,,,,519
,,,,,517
,,,,,515
,,,,,514
,,,,,513
,,,,,512
,,,,,511
,,,,,509
,,,,,508
,,,,,507
,,,,,506
,,,,,506
,,,,,507
,,,,,508
,,,,,508
,,,,,508
,,,,,507
,,,,,506
,,,,,504
,,,,,501
,,,,,499
,,,,,497
,,,,,496
,,,,,495
,,,,,495
,,,,,494
,,,,,492
,,,,,488
,,,,,483
,,,,,478
,,,,,474
,,,,,470
,,,,,467
,,,,,465
,,,,,462
,,,,,459
,,,,,455
,,,,,451
,,,,,447
,,,,,442
,,,,,439
13,2016,09,20,48446289,437
,,,,,437
,,,,,438
,,,,,439
,,,,,439
,,,,,438
,,,,,435
,,,,,432
,,,,,430
,,,,,427
,,,,,425
,,,,,422
,,,,,421
,,,,,420
,,,,,422
,,,,,425
,,,,,431
,,,,,437
,,,,,444
,,,,,450
,,,,,455
,,,,,458
,,,,,459
,,,,,459
,,,,,458
,,,,,455
,,,,,453
,,,,,450
,,,,,448
,,,,,447
,,,,,447
,,,,,449
,,,,,451
,,,,,453
,,,,,454
,,,,,455
,,,,,455
,,,,,454
,,,,,453
,,,,,453
,,,,,454
,,,,,455
,,,,,456
,,,,,456
,,,,,456
,,,,,454
,,,,,452
,,,,,449
,,,,,446
,,,,,444
,,,,,443
,,,,,442
,,,,,443
,,,,,443
,,,,,443
,,,,,442
,,,,,441
,,,,,439
,,,,,437
,,,,,435
,,,,,434
,,,,,434
,,,,,434
14,2016,09,20,48446541,435
,,,,,436
,,,,,437
,,,,,439
,,,,,440
,,,,,443
,,,,,446
,,,,,449
,,,,,454
,,,,,458
,,,,,462
,,,,,464
,,,,,466
,,,,,467
,,,,,468
,,,,,468
,,,,,468
,,,,,469
,,,,,470
,,,,,471
,,,,,472
,,,,,472
,,,,,473
,,,,,473
,,,,,473
,,,,,473
,,,,,474
,,,,,474
,,,,,475
,,,,,476
,,,,,476
,,,,,476
,,,,,476
,,,,,475
,,,,,474
,,,,,472
,,,,,471
,,,,,470
,,,,,470
,,,,,471
,,,,,472
,,,,,474
,,,,,475
,,,,,476
,,,,,477
,,,,,477
,,,,,477
,,,,,478
,,,,,480
,,,,,481
,,,,,483
,,,,,485
,,,,,487
,,,,,488
,,,,,489
,,,,,489
,,,,,489
,,,,,489
,,,,,489
,,,,,489
,,,,,488
,,,,,487
,,,,,484
15,2016,09,20,48446793,481
,,,,,479
,,,,,478
,,,,,480
,,,,,485
,,,,,492
,,,,,500
,,,,,505
,,,,,507
,,,,,505
,,,,,497
,,,,,486
,,,,,474
,,,,,464
,,,,,458
,,,,,457
,,,,,461
,,,,,467
,,,,,476
,,,,,484
,,,,,491
,,,,,497
,,,,,499
,,,,,499
,,,,,496
,,,,,493
,,,,,491
,,,,,491
,,,,,492
,,,,,493
,,,,,493
,,,,,491
,,,,,489
,,,,,487
,,,,,489
,,,,,494
,,,,,502
,,,,,510
,,,,,515
,,,,,517
,,,,,516
,,,,,513
,,,,,511
,,,,,509
,,,,,509
,,,,,509
,,,,,509
,,,,,509
,,,,,508
,,,,,507
,,,,,505
,,,,,502
,,,,,500
,,,,,498
,,,,,497
,,,,,496
,,,,,495
,,,,,494
,,,,,492
,,,,,491
,,,,,490
,,,,,490
,,,,,490
16,2016,09,20,48447037,491
,,,,,493
,,,,,496
,,,,,498
,,,,,500
,,,,,501
,,,,,501
,,,,,500
,,,,,500
,,,,,500
,,,,,500
,,,,,500
,,,,,501
,,,,,501
,,,,,501
,,,,,501
,,,,,500
,,,,,498
,,,,,495
,,,,,492
,,,,,490
,,,,,490
,,,,,493
,,,,,496
,,,,,500
,,,,,502
,,,,,502
,,,,,500
,,,,,497
,,,,,495
,,,,,494
,,,,,495
,,,,,496
,,,,,498
,,,,,499
,,,,,498
,,,,,497
,,,,,495
,,,,,491
,,,,,488
,,,,,485
,,,,,484
,,,,,485
,,,,,486
,,,,,486
,,,,,483
,,,,,478
,,,,,472
,,,,,466
,,,,,463
,,,,,463
,,,,,467
,,,,,474
,,,,,482
,,,,,490
,,,,,497
,,,,,502
,,,,,506
,,,,,508
,,,,,509
,,,,,510
,,,,,510
,,,,,509
17,2016,09,20,48447289,508
,,,,,506
,,,,,505
,,,,,504
,,,,,504
,,,,,507
,,,,,511
,,,,,516
,,,,,522
,,,,,528
,,,,,532
,,,,,534
,,,,,535
,,,,,535
,,,,,533
,,,,,532
,,,,,530
,,,,,528
,,,,,526
,,,,,524
,,,,,523
,,,,,521
,,,,,519
,,,,,516
,,,,,513
,,,,,510
,,,,,508
,,,,,506
,,,,,506
,,,,,508
,,,,,509
,,,,,511
,,,,,511
,,,,,511
,,,,,509
,,,,,508
,,,,,507
,,,,,507
,,,,,507
,,,,,509
,,,,,511
,,,,,513
,,,,,516
,,,,,517
,,,,,518
,,,,,517
,,,,,517
,,,,,517
,,,,,517
,,,,,517
,,,,,517
,,,,,517
,,,,,517
,,,,,516
,,,,,514
,,,,,512
,,,,,510
,,,,,509
,,,,,508
,,,,,508
,,,,,508
,,,,,508
,,,,,509
18,2016,09,20,48447541,508
,,,,,507
,,,,,506
,,,,,506
,,,,,505
,,,,,506
,,,,,507
,,,,,508
,,,,,510
,,,,,510
,,,,,510
,,,,,509
,,,,,508
,,,,,507
,,,,,507
,,,,,509
,,,,,511
,,,,,512
,,,,,514
,,,,,515
,,,,,514
,,,,,513
,,,,,511
,,,,,508
,,,,,506
,,,,,505
,,,,,504
,,,,,503
,,,,,502
,,,,,500
,,,,,497
,,,,,494
,,,,,490
,,,,,487
,,,,,484
,,,,,483
,,,,,482
,,,,,483
,,,,,484
,,,,,486
,,,,,488
,,,,,491
,,,,,493
,,,,,496
,,,,,500
,,,,,503
,,,,,507
,,,,,511
,,,,,513
,,,,,513
,,,,,512
,,,,,509
,,,,,504
,,,,,498
,,,,,494
,,,,,491
,,,,,490
,,,,,493
,,,,,498
,,,,,504
,,,,,508
,,,,,509
,,,,,507
19,2016,09,20,48447793,501
,,,,,494
,,,,,487
,,,,,482
,,,,,480
,,,,,481
,,,,,485
,,,,,491
,,,,,496
,,,,,502
,,,,,506
,,,,,509
,,,,,511
,,,,,512
,,,,,511
,,,,,510
,,,,,509
,,,,,506
,,,,,503
,,,,,499
,,,,,495
,,,,,493
,,,,,493
,,,,,496
,,,,,499
,,,,,504
,,,,,509
,,,,,514
,,,,,519
,,,,,521
,,,,,522
,,,,,521
,,,,,520
,,,,,519
,,,,,519
,,,,,521
,,,,,523
,,,,,525
,,,,,527
,,,,,530
,,,,,532
,,,,,535
,,,,,538
,,,,,541
,,,,,543
,,,,,544
,,,,,544
,,,,,542
,,,,,540
,,,,,537
,,,,,534
,,,,,532
,,,,,531
,,,,,530
,,,,,528
,,,,,527
,,,,,524
,,,,,521
,,,,,519
,,,,,517
,,,,,516
,,,,,517
,,,,,519
20,2016,09,20,48448050,522
,,,,,525
,,,,,528
,,,,,531
,,,,,534
,,,,,536
,,,,,537
,,,,,539
,,,,,539
,,,,,540
,,,,,541
,,,,,542
,,,,,543
,,,,,543
,,,,,543
,,,,,541
,,,,,539
,,,,,537
,,,,,534
,,,,,533
,,,,,532
,,,,,532
,,,,,533
,,,,,534
,,,,,534
,,,,,534
,,,,,532
,,,,,529
,,,,,525
,,,,,521
,,,,,518
,,,,,515
,,,,,513
,,,,,509
,,,,,503
,,,,,495
,,,,,486
,,,,,479
,,,,,474
,,,,,473
,,,,,476
,,,,,481
,,,,,487
,,,,,494
,,,,,500
,,,,,504
,,,,,506
,,,,,508
,,,,,511
,,,,,515
,,,,,519
,,,,,522
,,,,,523
,,,,,523
,,,,,521
,,,,,518
,,,,,517
,,,,,516
,,,,,516
,,,,,516
,,,,,516
,,,,,514
,,,,,512
21,2016,09,20,48448302,510
,,,,,508
,,,,,506
,,,,,503
,,,,,502
,,,,,502
,,,,,504
,,,,,507
,,,,,511
,,,,,516
,,,,,520
,,,,,524
,,,,,528
,,,,,531
,,,,,534
,,,,,536
,,,,,538
,,,,,539
,,,,,540
,,,,,541
,,,,,539
,,,,,537
,,,,,532
,,,,,527
,,,,,521
,,,,,515
,,,,,511
,,,,,508
,,,,,506
,,,,,505
,,,,,504
,,,,,504
,,,,,503
,,,,,501
,,,,,500
,,,,,501
,,,,,502
,,,,,505
,,,,,510
,,,,,516
,,,,,523
,,,,,530
,,,,,537
,,,,,543
,,,,,549
,,,,,555
,,,,,561
,,,,,567
,,,,,572
,,,,,576
,,,,,578
,,,,,578
,,,,,576
,,,,,572
,,,,,568
,,,,,563
,,,,,559
,,,,,555
,,,,,553
,,,,,552
,,,,,551
,,,,,552
,,,,,554
22,2016,09,20,48448554,557
,,,,,561
,,,,,566
,,,,,571
,,,,,577
,,,,,582
,,,,,585
,,,,,587
,,,,,587
,,,,,585
,,,,,583
,,,,,580
,,,,,578
,,,,,578
,,,,,579
,,,,,582
,,,,,584
,,,,,587
,,,,,588
,,,,,587
,,,,,586
,,,,,585
,,,,,584
,,,,,583
,,,,,582
,,,,,582
,,,,,581
,,,,,580
,,,,,578
,,,,,576
,,,,,574
,,,,,571
,,,,,568
,,,,,565
,,,,,564
,,,,,564
,,,,,566
,,,,,568
,,,,,571
,,,,,575
,,,,,580
,,,,,586
,,,,,592
,,,,,597
,,,,,602
,,,,,607
,,,,,611
,,,,,617
,,,,,623
,,,,,632
,,,,,642
,,,,,654
,,,,,665
,,,,,674
,,,,,681
,,,,,682
,,,,,678
,,,,,669
,,,,,657
,,,,,646
,,,,,638
,,,,,636
,,,,,637
23,2016,09,20,48448806,640
,,,,,644
,,,,,647
,,,,,650
,,,,,654
,,,,,658
,,,,,664
,,,,,670
,,,,,678
,,,,,689
,,,,,703
,,,,,721
,,,,,738
,,,,,751
,,,,,758
,,,,,762
,,,,,766
,,,,,775
,,,,,789
,,,,,807
,,,,,826
,,,,,844
,,,,,859
,,,,,872
,,,,,886
,,,,,900
,,,,,912
,,,,,921
,,,,,927
,,,,,928
,,,,,924
,,,,,919
,,,,,914
,,,,,914
,,,,,920
,,,,,929
,,,,,940
,,,,,948
,,,,,952
,,,,,952
,,,,,951
,,,,,949
,,,,,949
,,,,,949
,,,,,949
,,,,,949
,,,,,949
,,,,,949
,,,,,949
,,,,,949
,,,,,949
,,,,,949
,,,,,949
,,,,,949
,,,,,949
,,,,,949
,,,,,949
,,,,,949
,,,,,949
,,,,,949
,,,,,949
,,,,,949
,,,,,949
24,2016,09,20,48449058,949
,,,,,949
,,,,,949
,,,,,949
,,,,,949
,,,,,949
,,,,,949
,,,,,949
,,,,,949
,,,,,949
,,,,,949
,,,,,949
,,,,,949
,,,,,949
,,,,,949
,,,,,949
,,,,,949
,,,,,949
,,,,,949
,,,,,949
,,,,,949
,,,,,949
,,,,,949
,,,,,949
,,,,,949
,,,,,949
,,,,,949
,,,,,949
,,,,,949
,,,,,949
,,,,,949
,,,,,949
,,,,,949
,,,,,949
,,,,,949
,,,,,949
,,,,,949
,,,,,949
,,,,,949
,,,,,949
,,,,,948
,,,,,949
,,,,,952
,,,,,955
,,,,,955
,,,,,950
,,,,,937
,,,,,918
,,,,,894
,,,,,871
,,,,,854
,,,,,843
,,,,,837
,,,,,833
,,,,,829
,,,,,825
,,,,,819
,,,,,810
,,,,,799
,,,,,785
,,,,,765
,,,,,743
,,,,,721
25,2016,09,20,48449310,699
,,,,,678
,,,,,655
,,,,,629
,,,,,601
,,,,,571
,,,,,542
,,,,,514
,,,,,488
,,,,,462
,,,,,439
,,,,,419
,,,,,405
,,,,,396
,,,,,389
,,,,,384
,,,,,376
,,,,,359
,,,,,335
,,,,,301
,,,,,263
,,,,,221
,,,,,178
,,,,,137
,,,,,102
,,,,,78
,,,,,65
,,,,,63
,,,,,67
,,,,,72
,,,,,75
,,,,,75
,,,,,75
,,,,,74
,,,,,70
,,,,,65
,,,,,64
,,,,,72
,,,,,92
,,,,,122
,,,,,156
,,,,,189
,,,,,217
,,,,,240
,,,,,262
,,,,,284
,,,,,305
,,,,,321
,,,,,332
,,,,,337
,,,,,335
,,,,,329
,,,,,321
,,,,,315
,,,,,311
,,,,,310
,,,,,310
,,,,,311
,,,,,312
,,,,,311
,,,,,310
,,,,,309
,,,,,309
26,2016,09,20,48449562,310
,,,,,313
,,,,,319
,,,,,329
,,,,,341
,,,,,353
,,,,,363
,,,,,370
,,,,,373
,,,,,375
,,,,,380
,,,,,392
,,,,,410
,,,,,428
,,,,,443
,,,,,450
,,,,,449
,,,,,440
,,,,,428
,,,,,418
,,,,,415
,,,,,416
,,,,,420
,,,,,424
,,,,,427
,,,,,429
,,,,,432
,,,,,437
,,,,,446
,,,,,457
,,,,,469
,,,,,481
,,,,,492
,,,,,502
,,,,,510
,,,,,513
,,,,,512
,,,,,509
,,,,,504
,,,,,501
,,,,,501
,,,,,503
,,,,,505
,,,,,506
,,,,,505
,,,,,504
,,,,,501
,,,,,499
,,,,,497
,,,,,497
,,,,,497
,,,,,499
,,,,,501
,,,,,504
,,,,,506
,,,,,508
,,,,,509
,,,,,510
,,,,,511
,,,,,511
,,,,,510
,,,,,510
,,,,,510
27,2016,09,20,48449814,510
,,,,,509
,,,,,506
,,,,,502
,,,,,496
,,,,,490
,,,,,487
,,,,,486
,,,,,490
,,,,,494
,,,,,499
,,,,,502
,,,,,501
,,,,,497
,,,,,490
,,,,,481
,,,,,473
,,,,,465
,,,,,459
,,,,,455
,,,,,452
,,,,,451
,,,,,451
,,,,,453
,,,,,457
,,,,,462
,,,,,468
,,,,,474
,,,,,481
,,,,,490
,,,,,500
,,,,,508
,,,,,512
,,,,,505
,,,,,482
,,,,,444
,,,,,394
,,,,,337
,,,,,280
,,,,,228
,,,,,185
,,,,,151
,,,,,127
,,,,,113
,,,,,109
,,,,,113
,,,,,125
,,,,,145
,,,,,173
,,,,,209
,,,,,251
,,,,,296
,,,,,340
,,,,,380
,,,,,414
,,,,,444
,,,,,469
,,,,,492
,,,,,513
,,,,,529
,,,,,543
,,,,,552
,,,,,555
28,2016,09,20,48450066,553
,,,,,548
,,,,,543
,,,,,539
,,,,,539
,,,,,543
,,,,,549
,,,,,555
,,,,,562
,,,,,569
,,,,,577
,,,,,585
,,,,,595
,,,,,606
,,,,,619
,,,,,633
,,,,,646
,,,,,655
,,,,,659
,,,,,658
,,,,,651
,,,,,640
,,,,,628
,,,,,620
,,,,,615
,,,,,615
,,,,,616
,,,,,618
,,,,,617
,,,,,615
,,,,,611
,,,,,609
,,,,,609
,,,,,610
,,,,,611
,,,,,614
,,,,,618
,,,,,622
,,,,,625
,,,,,628
,,,,,629
,,,,,629
,,,,,630
,,,,,631
,,,,,633
,,,,,635
,,,,,635
,,,,,630
,,,,,618
,,,,,597
,,,,,567
,,,,,529
,,,,,488
,,,,,444
,,,,,393
,,,,,332
,,,,,260
,,,,,187
,,,,,122
,,,,,77
,,,,,57
,,,,,57
,,,,,63
29,2016,09,20,48450318,68
,,,,,69
,,,,,69
,,,,,73
,,,,,87
,,,,,110
,,,,,139
,,,,,166
,,,,,185
,,,,,194
,,,,,196
,,,,,201
,,,,,217
,,,,,247
,,,,,289
,,,,,336
,,,,,378
,,,,,411
,,,,,436
,,,,,455
,,,,,475
,,,,,500
,,,,,535
,,,,,578
,,,,,625
,,,,,668
,,,,,705
,,,,,733
,,,,,757
,,,,,780
,,,,,805
,,,,,831
,,,,,856
,,,,,877
,,,,,889
,,,,,892
,,,,,885
,,,,,870
,,,,,850
,,,,,825
,,,,,796
,,,,,762
,,,,,726
,,,,,691
,,,,,659
,,,,,635
,,,,,620
,,,,,614
,,,,,616
,,,,,623
,,,,,633
,,,,,645
,,,,,659
,,,,,675
,,,,,694
,,,,,714
,,,,,734
,,,,,753
,,,,,769
,,,,,782
,,,,,794
,,,,,804
,,,,,811
30,2016,09,20,48450570,816
,,,,,817
,,,,,815
,,,,,809
,,,,,800
,,,,,790
,,,,,779
,,,,,766
,,,,,750
,,,,,730
,,,,,708
,,,,,685
,,,,,660
,,,,,636
,,,,,611
,,,,,585
,,,,,558
,,,,,530
,,,,,503
,,,,,477
,,,,,453
,,,,,430
,,,,,408
,,,,,388
,,,,,372
,,,,,359
,,,,,351
,,,,,345
,,,,,342
,,,,,339
,,,,,338
,,,,,340
,,,,,344
,,,,,352
,,,,,361
,,,,,373
,,,,,387
,,,,,402
,,,,,419
,,,,,437
,,,,,455
,,,,,471
,,,,,486
,,,,,496
,,,,,502
,,,,,503
,,,,,501
,,,,,496
,,,,,491
,,,,,487
,,,,,485
,,,,,486
,,,,,487
,,,,,485
,,,,,480
,,,,,471
,,,,,457
,,,,,440
,,,,,423
,,,,,409
,,,,,399
,,,,,393
,,,,,391
31,2016,09,20,48450822,392
,,,,,395
,,,,,399
,,,,,405
,,,,,412
,,,,,420
,,,,,429
,,,,,437
,,,,,443
,,,,,447
,,,,,448
,,,,,447
,,,,,446
,,,,,447
,,,,,450
,,,,,454
,,,,,458
,,,,,461
,,,,,460
,,,,,456
,,,,,447
,,,,,437
,,,,,426
,,,,,416
,,,,,408
,,,,,401
,,,,,395
,,,,,389
,,,,,382
,,,,,377
,,,,,373
,,,,,370
,,,,,368
,,,,,369
,,,,,371
,,,,,376
,,,,,381
,,,,,388
,,,,,396
,,,,,404
,,,,,410
,,,,,414
,,,,,417
,,,,,418
,,,,,419
,,,,,422
,,,,,429
,,,,,440
,,,,,454
,,,,,468
,,,,,479
,,,,,486
,,,,,488
,,,,,485
,,,,,479
,,,,,470
,,,,,459
,,,,,444
,,,,,430
,,,,,415
,,,,,402
,,,,,391
,,,,,381
32,2016,09,20,48451077,373
,,,,,368
,,,,,365
,,,,,366
,,,,,370
,,,,,377
,,,,,386
,,,,,396
,,,,,406
,,,,,415
,,,,,422
,,,,,429
,,,,,436
,,,,,445
,,,,,457
,,,,,469
,,,,,481
,,,,,490
,,,,,491
,,,,,484
,,,,,470
,,,,,451
,,,,,432
,,,,,417
,,,,,410
,,,,,412
,,,,,418
,,,,,425
,,,,,430
,,,,,433
,,,,,432
,,,,,430
,,,,,428
,,,,,427
,,,,,429
,,,,,437
,,,,,449
,,,,,462
,,,,,471
,,,,,473
,,,,,467
,,,,,457
,,,,,450
,,,,,451
,,,,,457
,,,,,467
,,,,,476
,,,,,480
,,,,,477
,,,,,469
,,,,,457
,,,,,441
,,,,,422
,,,,,402
,,,,,379
,,,,,357
,,,,,334
,,,,,313
,,,,,296
,,,,,284
,,,,,279
,,,,,280
,,,,,287
33,2016,09,20,48451329,299
,,,,,313
,,,,,330
,,,,,348
,,,,,367
,,,,,384
,,,,,400
,,,,,414
,,,,,428
,,,,,440
,,,,,451
,,,,,460
,,,,,468
,,,,,476
,,,,,483
,,,,,492
,,,,,503
,,,,,517
,,,,,534
,,,,,553
,,,,,575
,,,,,599
,,,,,622
,,,,,642
,,,,,661
,,,,,676
,,,,,687
,,,,,696
,,,,,703
,,,,,708
,,,,,709
,,,,,705
,,,,,697
,,,,,684
,,,,,664
,,,,,639
,,,,,613
,,,,,590
,,,,,570
,,,,,556
,,,,,546
,,,,,541
,,,,,540
,,,,,543
,,,,,551
,,,,,565
,,,,,583
,,,,,606
,,,,,630
,,,,,653
,,,,,672
,,,,,683
,,,,,686
,,,,,682
,,,,,672
,,,,,658
,,,,,642
,,,,,624
,,,,,608
,,,,,594
,,,,,585
,,,,,583
,,,,,588
34,2016,09,20,48451581,598
,,,,,610
,,,,,621
,,,,,628
,,,,,630
,,,,,626
,,,,,618
,,,,,610
,,,,,602
,,,,,596
,,,,,591
,,,,,588
,,,,,586
,,,,,584
,,,,,583
,,,,,583
,,,,,583
,,,,,581
,,,,,575
,,,,,565
,,,,,552
,,,,,539
,,,,,524
,,,,,511
,,,,,497
,,,,,482
,,,,,464
,,,,,447
,,,,,430
,,,,,416
,,,,,402
,,,,,390
,,,,,379
,,,,,370
,,,,,363
,,,,,359
,,,,,359
,,,,,365
,,,,,373
,,,,,385
,,,,,400
,,,,,415
,,,,,430
,,,,,444
,,,,,457
,,,,,470
,,,,,483
,,,,,494
,,,,,503
,,,,,508
,,,,,506
,,,,,498
,,,,,484
,,,,,469
,,,,,454
,,,,,441
,,,,,431
,,,,,424
,,,,,418
,,,,,412
,,,,,405
,,,,,396
,,,,,384
35,2016,09,20,48451833,371
,,,,,358
,,,,,346
,,,,,337
,,,,,328
,,,,,318
,,,,,307
,,,,,295
,,,,,283
,,,,,272
,,,,,264
,,,,,258
,,,,,252
,,,,,245
,,,,,238
,,,,,230
,,,,,222
,,,,,214
,,,,,207
,,,,,203
,,,,,202
,,,,,202
,,,,,204
,,,,,208
,,,,,212
,,,,,216
,,,,,221
,,,,,229
,,,,,240
,,,,,256
,,,,,275
,,,,,297
,,,,,319
,,,,,342
,,,,,365
,,,,,388
,,,,,410
,,,,,431
,,,,,450
,,,,,469
,,,,,490
,,,,,511
,,,,,528
,,,,,538
,,,,,537
,,,,,527
,,,,,512
,,,,,498
,,,,,488
,,,,,483
,,,,,480
,,,,,477
,,,,,474
,,,,,471
,,,,,471
,,,,,473
,,,,,479
,,,,,486
,,,,,493
,,,,,499
,,,,,502
,,,,,504
,,,,,503
36,2016,09,20,48452085,498
,,,,,489
,,,,,476
,,,,,459
,,,,,437
,,,,,411
,,,,,381
,,,,,350
,,,,,319
,,,,,290
,,,,,267
,,,,,252
,,,,,242
,,,,,239
,,,,,240
,,,,,244
,,,,,249
,,,,,255
,,,,,262
,,,,,271
,,,,,282
,,,,,293
,,,,,303
,,,,,312
,,,,,318
,,,,,322
,,,,,324
,,,,,327
,,,,,330
,,,,,335
,,,,,341
,,,,,347
,,,,,352
,,,,,353
,,,,,350
,,,,,343
,,,,,332
,,,,,318
,,,,,301
,,,,,283
,,,,,265
,,,,,247
,,,,,228
,,,,,208
,,,,,189
,,,,,171
,,,,,154
,,,,,139
,,,,,126
,,,,,115
,,,,,105
,,,,,95
,,,,,85
,,,,,78
,,,,,75
,,,,,79
,,,,,93
,,,,,114
,,,,,138
,,,,,161
,,,,,182
,,,,,199
,,,,,213
37,2016,09,20,48452337,224
,,,,,236
,,,,,248
,,,,,261
,,,,,276
,,,,,292
,,,,,310
,,,,,328
,,,,,344
,,,,,357
,,,,,367
,,,,,372
,,,,,372
,,,,,367
,,,,,358
,,,,,347
,,,,,335
,,,,,323
,,,,,312
,,,,,302
,,,,,293
,,,,,285
,,,,,280
,,,,,276
,,,,,275
,,,,,275
,,,,,277
,,,,,280
,,,,,283
,,,,,286
,,,,,290
,,,,,296
,,,,,303
,,,,,311
,,,,,319
,,,,,326
,,,,,332
,,,,,337
,,,,,341
,,,,,346
,,,,,352
,,,,,356
,,,,,360
,,,,,363
,,,,,366
,,,,,368
,,,,,370
,,,,,372
,,,,,375
,,,,,378
,,,,,380
,,,,,382
,,,,,383
,,,,,384
,,,,,386
,,,,,388
,,,,,390
,,,,,392
,,,,,393
,,,,,395
,,,,,397
,,,,,401
,,,,,405
38,2016,09,20,48452589,408
,,,,,412
,,,,,415
,,,,,416
,,,,,417
,,,,,418
,,,,,419
,,,,,421
,,,,,423
,,,,,425
,,,,,428
,,,,,431
,,,,,433
,,,,,436
,,,,,440
,,,,,445
,,,,,451
,,,,,457
,,,,,461
,,,,,463
,,,,,461
,,,,,457
,,,,,452
,,,,,447
,,,,,443
,,,,,443
,,,,,447
,,,,,452
,,,,,458
,,,,,460
,,,,,458
,,,,,452
,,,,,442
,,,,,434
,,,,,428
,,,,,428
,,,,,432
,,,,,439
,,,,,447
,,,,,455
,,,,,461
,,,,,465
,,,,,468
,,,,,471
,,,,,474
,,,,,475
,,,,,475
,,,,,475
,,,,,473
,,,,,469
,,,,,465
,,,,,460
,,,,,455
,,,,,449
,,,,,443
,,,,,438
,,,,,435
,,,,,432
,,,,,432
,,,,,432
,,,,,433
,,,,,434
,,,,,435
39,2016,09,20,48452841,437
,,,,,440
,,,,,443
,,,,,447
,,,,,451
,,,,,455
,,,,,457
,,,,,457
,,,,,456
,,,,,453
,,,,,449
,,,,,446
,,,,,443
,,,,,443
,,,,,444
,,,,,445
,,,,,446
,,,,,448
,,,,,450
,,,,,451
,,,,,452
,,,,,453
,,,,,454
,,,,,453
,,,,,452
,,,,,451
,,,,,449
,,,,,446
,,,,,445
,,,,,445
,,,,,447
,,,,,451
,,,,,456
,,,,,459
,,,,,462
,,,,,464
,,,,,464
,,,,,464
,,,,,464
,,,,,464
,,,,,463
,,,,,462
,,,,,460
,,,,,456
,,,,,453
,,,,,449
,,,,,445
,,,,,442
,,,,,439
,,,,,436
,,,,,435
,,,,,435
,,,,,438
,,,,,441
,,,,,445
,,,,,448
,,,,,450
,,,,,452
,,,,,455
,,,,,461
,,,,,467
,,,,,472
,,,,,475
40,2016,09,20,48453090,476
,,,,,476
,,,,,475
,,,,,475
,,,,,476
,,,,,478
,,,,,479
,,,,,481
,,,,,483
,,,,,485
,,,,,487
,,,,,488
,,,,,489
,,,,,489
,,,,,488
,,,,,487
,,,,,486
,,,,,484
,,,,,482
,,,,,480
,,,,,478
,,,,,477
,,,,,478
,,,,,480
,,,,,482
,,,,,483
,,,,,483
,,,,,483
,,,,,483
,,,,,484
,,,,,485
,,,,,487
,,,,,489
,,,,,490
,,,,,491
,,,,,491
,,,,,489
,,,,,486
,,,,,484
,,,,,483
,,,,,483
,,,,,484
,,,,,485
,,,,,486
,,,,,484
,,,,,481
,,,,,477
,,,,,473
,,,,,470
,,,,,466
,,,,,462
,,,,,457
,,,,,451
,,,,,446
,,,,,442
,,,,,440
,,,,,440
,,,,,440
,,,,,442
,,,,,445
,,,,,447
,,,,,448
,,,,,448
41,2016,09,20,48453342,448
,,,,,447
,,,,,446
,,,,,447
,,,,,448
,,,,,448
,,,,,449
,,,,,451
,,,,,454
,,,,,457
,,,,,461
,,,,,465
,,,,,471
,,,,,478
,,,,,486
,,,,,496
,,,,,506
,,,,,515
,,,,,525
,,,,,533
,,,,,541
,,,,,548
,,,,,553
,,,,,556
,,,,,559
,,,,,561
,,,,,564
,,,,,568
,,,,,571
,,,,,576
,,,,,580
,,,,,583
,,,,,586
,,,,,588
,,,,,590
,,,,,591
,,,,,593
,,,,,595
,,,,,598
,,,,,600
,,,,,602
,,,,,603
,,,,,605
,,,,,606
,,,,,607
,,,,,611
,,,,,616
,,,,,622
,,,,,626
,,,,,627
,,,,,624
,,,,,615
,,,,,603
,,,,,588
,,,,,574
,,,,,564
,,,,,559
,,,,,559
,,,,,562
,,,,,566
,,,,,568
,,,,,569
,,,,,569
42,2016,09,20,48453594,568
,,,,,568
,,,,,569
,,,,,571
,,,,,574
,,,,,576
,,,,,577
,,,,,578
,,,,,578
,,,,,577
,,,,,576
,,,,,576
,,,,,577
,,,,,580
,,,,,584
,,,,,588
,,,,,592
,,,,,595
,,,,,596
,,,,,596
,,,,,595
,,,,,594
,,,,,592
,,,,,591
,,,,,591
,,,,,591
,,,,,589
,,,,,585
,,,,,580
,,,,,572
,,,,,565
,,,,,557
,,,,,552
,,,,,548
,,,,,545
,,,,,544
,,,,,543
,,,,,543
,,,,,543
,,,,,542
,,,,,542
,,,,,541
,,,,,541
,,,,,541
,,,,,542
,,,,,544
,,,,,547
,,,,,549
,,,,,551
,,,,,553
,,,,,554
,,,,,556
,,,,,558
,,,,,560
,,,,,562
,,,,,565
,,,,,567
,,,,,569
,,,,,570
,,,,,570
,,,,,570
,,,,,570
,,,,,570
43,2016,09,20,48453846,570
,,,,,571
,,,,,571
,,,,,571
,,,,,570
,,,,,569
,,,,,567
,,,,,564
,,,,,562
,,,,,560
,,,,,558
,,,,,557
,,,,,556
,,,,,556
,,,,,556
,,,,,556
,,,,,556
,,,,,556
,,,,,556
,,,,,557
,,,,,559
,,,,,561
,,,,,563
,,,,,566
,,,,,568
,,,,,569
,,,,,570
,,,,,572
,,,,,573
,,,,,576
,,,,,579
,,,,,583
,,,,,587
,,,,,590
,,,,,593
,,,,,594
,,,,,594
,,,,,595
,,,,,595
,,,,,595
,,,,,596
,,,,,597
,,,,,598
,,,,,599
,,,,,600
,,,,,599
,,,,,598
,,,,,596
,,,,,593
,,,,,591
,,,,,589
,,,,,587
,,,,,585
,,,,,583
,,,,,581
,,,,,579
,,,,,577
,,,,,575
,,,,,573
,,,,,571
,,,,,570
,,,,,569
,,,,,569
44,2016,09,20,48454101,570
,,,,,569
,,,,,568
,,,,,565
,,,,,560
,,,,,555
,,,,,549
,,,,,544
,,,,,539
,,,,,535
,,,,,532
,,,,,530
,,,,,528
,,,,,526
,,,,,524
,,,,,524
,,,,,524
,,,,,525
,,,,,528
,,,,,531
,,,,,534
,,,,,537
,,,,,540
,,,,,543
,,,,,546
,,,,,549
,,,,,552
,,,,,555
,,,,,559
,,,,,562
,,,,,564
,,,,,567
,,,,,568
,,,,,569
,,,,,569
,,,,,570
,,,,,572
,,,,,574
,,,,,577
,,,,,579
,,,,,581
,,,,,583
,,,,,584
,,,,,584
,,,,,584
,,,,,584
,,,,,585
,,,,,585
,,,,,586
,,,,,588
,,,,,588
,,,,,588
,,,,,586
,,,,,583
,,,,,579
,,,,,575
,,,,,572
,,,,,569
,,,,,566
,,,,,564
,,,,,563
,,,,,562
,,,,,560
45,2016,09,20,48454353,559
,,,,,557
,,,,,556
,,,,,557
,,,,,560
,,,,,566
,,,,,575
,,,,,584
,,,,,592
,,,,,598
,,,,,599
,,,,,596
,,,,,588
,,,,,577
,,,,,567
,,,,,558
,,,,,553
,,,,,551
,,,,,553
,,,,,556
,,,,,558
,,,,,560
,,,,,562
,,,,,564
,,,,,568
,,,,,573
,,,,,578
,,,,,584
,,,,,589
,,,,,593
,,,,,596
,,,,,599
,,,,,604
,,,,,609
,,,,,615
,,,,,621
,,,,,626
,,,,,629
,,,,,631
,,,,,633
,,,,,633
,,,,,634
,,,,,634
,,,,,634
,,,,,635
,,,,,636
,,,,,637
,,,,,639
,,,,,642
,,,,,644
,,,,,646
,,,,,647
,,,,,649
,,,,,652
,,,,,654
,,,,,656
,,,,,659
,,,,,661
,,,,,663
,,,,,664
,,,,,664
,,,,,664
,,,,,664
46,2016,09,20,48454605,665
,,,,,667
,,,,,669
,,,,,670
,,,,,670
,,,,,670
,,,,,668
,,,,,665
,,,,,662
,,,,,660
,,,,,660
,,,,,661
,,,,,663
,,,,,665
,,,,,668
,,,,,670
,,,,,672
,,,,,674
,,,,,676
,,,,,680
,,,,,684
,,,,,689
,,,,,695
,,,,,699
,,,,,703
,,,,,704
,,,,,703
,,,,,701
,,,,,698
,,,,,695
,,,,,692
,,,,,690
,,,,,687
,,,,,684
,,,,,681
,,,,,676
,,,,,671
,,,,,665
,,,,,659
,,,,,653
,,,,,648
,,,,,643
,,,,,638
,,,,,635
,,,,,632
,,,,,628
,,,,,624
,,,,,621
,,,,,617
,,,,,613
,,,,,611
,,,,,611
,,,,,612
,,,,,614
,,,,,616
,,,,,617
,,,,,617
,,,,,616
,,,,,615
,,,,,614
,,,,,614
,,,,,615
,,,,,616
47,2016,09,20,48454857,618
,,,,,620
,,,,,621
,,,,,622
,,,,,623
,,,,,624
,,,,,625
,,,,,625
,,,,,626
,,,,,627
,,,,,628
,,,,,627
,,,,,627
,,,,,625
,,,,,623
,,,,,621
,,,,,619
,,,,,618
,,,,,618
,,,,,619
,,,,,619
,,,,,618
,,,,,616
,,,,,613
,,,,,609
,,,,,605
,,,,,602
,,,,,600
,,,,,599
,,,,,598
,,,,,599
,,,,,600
,,,,,601
,,,,,601
,,,,,602
,,,,,603
,,,,,604
,,,,,605
,,,,,606
,,,,,607
,,,,,608
,,,,,608
,,,,,607
,,,,,605
,,,,,602
,,,,,598
,,,,,593
,,,,,589
,,,,,585
,,,,,581
,,,,,577
,,,,,574
,,,,,571
,,,,,568
,,,,,566
,,,,,566
,,,,,566
,,,,,568
,,,,,572
,,,,,577
,,,,,582
,,,,,588
,,,,,593
48,2016,09,20,48455109,597
,,,,,600
,,,,,602
,,,,,603
,,,,,605
,,,,,606
,,,,,607
,,,,,608
,,,,,609
,,,,,609
,,,,,608
,,,,,608
,,,,,608
,,,,,608
,,,,,608
,,,,,609
,,,,,610
,,,,,611
,,,,,611
,,,,,611
,,,,,609
,,,,,608
,,,,,607
,,,,,605
,,,,,604
,,,,,603
,,,,,602
,,,,,601
,,,,,601
,,,,,601
,,,,,602
,,,,,604
,,,,,605
,,,,,605
,,,,,602
,,,,,595
,,,,,583
,,,,,568
,,,,,552
,,,,,536
,,,,,524
,,,,,516
,,,,,513
,,,,,512
,,,,,513
,,,,,517
,,,,,521
,,,,,527
,,,,,532
,,,,,535
,,,,,536
,,,,,535
,,,,,533
,,,,,531
,,,,,529
,,,,,528
,,,,,526
,,,,,525
,,,,,524
,,,,,524
,,,,,526
,,,,,528
,,,,,532
49,2016,09,20,48455361,534
,,,,,536
,,,,,537
,,,,,537
,,,,,538
,,,,,538
,,,,,538
,,,,,536
,,,,,535
,,,,,535
,,,,,535
,,,,,536
,,,,,539
,,,,,543
,,,,,547
,,,,,551
,,,,,554
,,,,,556
,,,,,557
,,,,,558
,,,,,558
,,,,,557
,,,,,556
,,,,,555
,,,,,554
,,,,,552
,,,,,550
,,,,,548
,,,,,546
,,,,,544
,,,,,543
,,,,,542
,,,,,541
,,,,,541
,,,,,542
,,,,,542
,,,,,543
,,,,,543
,,,,,543
,,,,,542
,,,,,540
,,,,,537
,,,,,535
,,,,,532
,,,,,529
,,,,,524
,,,,,520
,,,,,515
,,,,,511
,,,,,507
,,,,,506
,,,,,505
,,,,,506
,,,,,508
,,,,,511
,,,,,514
,,,,,518
,,,,,522
,,,,,526
,,,,,529
,,,,,533
,,,,,537
,,,,,542
50,2016,09,20,48455613,546
,,,,,549
,,,,,551
,,,,,552
,,,,,550
,,,,,547
,,,,,541
,,,,,534
,,,,,526
,,,,,518
,,,,,510
,,,,,503
,,,,,497
,,,,,492
,,,,,487
,,,,,484
,,,,,482
,,,,,481
,,,,,481
,,,,,482
,,,,,484
,,,,,487
,,,,,489
,,,,,491
,,,,,493
,,,,,495
,,,,,497
,,,,,498
,,,,,500
,,,,,503
,,,,,504
,,,,,505
,,,,,506
,,,,,506
,,,,,505
,,,,,503
,,,,,500
,,,,,497
,,,,,493
,,,,,489
,,,,,485
,,,,,482
,,,,,479
,,,,,475
,,,,,473
,,,,,471
,,,,,470
,,,,,470
,,,,,470
,,,,,470
,,,,,471
,,,,,471
,,,,,471
,,,,,470
,,,,,469
,,,,,468
,,,,,467
,,,,,466
,,,,,466
,,,,,468
,,,,,471
,,,,,474
,,,,,478
51,2016,09,20,48455865,481
,,,,,483
,,,,,483
,,,,,483
,,,,,481
,,,,,480
,,,,,478
,,,,,476
,,,,,474
,,,,,472
,,,,,470
,,,,,469
,,,,,468
,,,,,468
,,,,,468
,,,,,470
,,,,,473
,,,,,476
,,,,,479
,,,,,482
,,,,,484
,,,,,485
,,,,,485
,,,,,485
,,,,,486
,,,,,487
,,,,,489
,,,,,493
,,,,,497
,,,,,502
,,,,,506
,,,,,509
,,,,,513
,,,,,516
,,,,,519
,,,,,521
,,,,,524
,,,,,525
,,,,,525
,,,,,524
,,,,,522
,,,,,517
,,,,,512
,,,,,506
,,,,,500
,,,,,495
,,,,,492
,,,,,489
,,,,,485
,,,,,478
,,,,,466
,,,,,449
,,,,,428
,,,,,408
,,,,,390
,,,,,377
,,,,,370
,,,,,369
,,,,,371
,,,,,374
,,,,,379
,,,,,385
,,,,,394
52,2016,09,20,48456112,404
,,,,,414
,,,,,423
,,,,,430
,,,,,435
,,,,,437
,,,,,437
,,,,,435
,,,,,432
,,,,,428
,,,,,425
,,,,,423
,,,,,423
,,,,,423
,,,,,423
,,,,,421
,,,,,418
,,,,,413
,,,,,408
,,,,,402
,,,,,397
,,,,,393
,,,,,390
,,,,,389
,,,,,389
,,,,,391
,,,,,392
,,,,,394
,,,,,396
,,,,,397
,,,,,397
,,,,,398
,,,,,400
,,,,,403
,,,,,408
,,,,,412
,,,,,417
,,,,,422
,,,,,426
,,,,,430
,,,,,435
,,,,,440
,,,,,445
,,,,,451
,,,,,457
,,,,,463
,,,,,467
,,,,,471
,,,,,474
,,,,,476
,,,,,478
,,,,,480
,,,,,483
,,,,,486
,,,,,490
,,,,,494
,,,,,497
,,,,,499
,,,,,499
,,,,,497
,,,,,494
,,,,,490
,,,,,485
53,2016,09,20,48456364,479
,,,,,472
,,,,,464
,,,,,455
,,,,,446
,,,,,435
,,,,,424
,,,,,414
,,,,,403
,,,,,393
,,,,,384
,,,,,375
,,,,,368
,,,,,362
,,,,,358
,,,,,354
,,,,,350
,,,,,347
,,,,,345
,,,,,344
,,,,,343
,,,,,344
,,,,,344
,,,,,345
,,,,,346
,,,,,346
,,,,,347
,,,,,349
,,,,,352
,,,,,355
,,,,,358
,,,,,360
,,,,,360
,,,,,358
,,,,,355
,,,,,351
,,,,,347
,,,,,344
,,,,,342
,,,,,343
,,,,,344
,,,,,347
,,,,,351
,,,,,355
,,,,,360
,,,,,365
,,,,,370
,,,,,376
,,,,,382
,,,,,389
,,,,,397
,,,,,405
,,,,,414
,,,,,421
,,,,,428
,,,,,434
,,,,,440
,,,,,447
,,,,,454
,,,,,461
,,,,,470
,,,,,479
,,,,,487
54,2016,09,20,48456616,494
,,,,,499
,,,,,502
,,,,,503
,,,,,502
,,,,,501
,,,,,499
,,,,,496
,,,,,492
,,,,,487
,,,,,481
,,,,,475
,,,,,468
,,,,,462
,,,,,457
,,,,,453
,,,,,451
,,,,,451
,,,,,452
,,,,,455
,,,,,458
,,,,,462
,,,,,466
,,,,,471
,,,,,476
,,,,,482
,,,,,488
,,,,,495
,,,,,502
,,,,,508
,,,,,513
,,,,,516
,,,,,518
,,,,,517
,,,,,514
,,,,,511
,,,,,507
,,,,,503
,,,,,498
,,,,,493
,,,,,488
,,,,,481
,,,,,474
,,,,,467
,,,,,460
,,,,,453
,,,,,447
,,,,,443
,,,,,439
,,,,,436
,,,,,432
,,,,,429
,,,,,427
,,,,,424
,,,,,423
,,,,,424
,,,,,427
,,,,,433
,,,,,442
,,,,,451
,,,,,461
,,,,,468
,,,,,470
55,2016,09,20,48456868,469
,,,,,463
,,,,,456
,,,,,448
,,,,,443
,,,,,441
,,,,,442
,,,,,446
,,,,,449
,,,,,451
,,,,,451
,,,,,450
,,,,,448
,,,,,448
,,,,,448
,,,,,450
,,,,,454
,,,,,459
,,,,,465
,,,,,471
,,,,,476
,,,,,479
,,,,,481
,,,,,482
,,,,,483
,,,,,484
,,,,,486
,,,,,488
,,,,,487
,,,,,486
,,,,,485
,,,,,484
,,,,,484
,,,,,486
,,,,,489
,,,,,492
,,,,,496
,,,,,499
,,,,,502
,,,,,505
,,,,,507
,,,,,509
,,,,,511
,,,,,513
,,,,,515
,,,,,517
,,,,,518
,,,,,520
,,,,,521
,,,,,522
,,,,,524
,,,,,526
,,,,,529
,,,,,532
,,,,,536
,,,,,540
,,,,,545
,,,,,549
,,,,,552
,,,,,554
,,,,,554
,,,,,552
,,,,,551
56,2016,09,20,48457126,549
,,,,,547
,,,,,544
,,,,,541
,,,,,536
,,,,,530
,,,,,523
,,,,,514
,,,,,505
,,,,,495
,,,,,486
,,,,,478
,,,,,471
,,,,,464
,,,,,458
,,,,,451
,,,,,445
,,,,,440
,,,,,437
,,,,,435
,,,,,435
,,,,,437
,,,,,440
,,,,,445
,,,,,451
,,,,,458
,,,,,465
,,,,,473
,,,,,480
,,,,,486
,,,,,490
,,,,,493
,,,,,493
,,,,,491
,,,,,488
,,,,,484
,,,,,480
,,,,,478
,,,,,477
,,,,,479
,,,,,483
,,,,,489
,,,,,496
,,,,,502
,,,,,507
,,,,,509
,,,,,508
,,,,,506
,,,,,503
,,,,,500
,,,,,497
,,,,,495
,,,,,492
,,,,,490
,,,,,489
,,,,,491
,,,,,494
,,,,,498
,,,,,503
,,,,,509
,,,,,516
,,,,,522
,,,,,529
57,2016,09,20,48457378,534
,,,,,538
,,,,,539
,,,,,538
,,,,,536
,,,,,533
,,,,,530
,,,,,527
,,,,,525
,,,,,524
,,,,,523
,,,,,523
,,,,,524
,,,,,526
,,,,,528
,,,,,531
,,,,,536
,,,,,542
,,,,,549
,,,,,556
,,,,,563
,,,,,570
,,,,,574
,,,,,577
,,,,,578
,,,,,577
,,,,,575
,,,,,571
,,,,,566
,,,,,560
,,,,,553
,,,,,544
,,,,,535
,,,,,526
,,,,,516
,,,,,507
,,,,,498
,,,,,491
,,,,,486
,,,,,482
,,,,,480
,,,,,478
,,,,,478
,,,,,479
,,,,,481
,,,,,484
,,,,,488
,,,,,494
,,,,,499
,,,,,505
,,,,,510
,,,,,513
,,,,,515
,,,,,515
,,,,,515
,,,,,514
,,,,,513
,,,,,511
,,,,,508
,,,,,505
,,,,,502
,,,,,498
,,,,,494
58,2016,09,20,48457630,490
,,,,,486
,,,,,483
,,,,,481
,,,,,480
,,,,,480
,,,,,481
,,,,,483
,,,,,485
,,,,,488
,,,,,492
,,,,,496
,,,,,500
,,,,,503
,,,,,503
,,,,,500
,,,,,495
,,,,,489
,,,,,483
,,,,,480
,,,,,481
,,,,,486
,,,,,496
,,,,,508
,,,,,522
,,,,,535
,,,,,546
,,,,,555
,,,,,561
,,,,,564
,,,,,565
,,,,,563
,,,,,560
,,,,,556
,,,,,553
,,,,,550
,,,,,547
,,,,,545
,,,,,543
,,,,,541
,,,,,542
,,,,,544
,,,,,548
,,,,,553
,,,,,559
,,,,,564
,,,,,570
,,,,,574
,,,,,578
,,,,,581
,,,,,583
,,,,,584
,,,,,584
,,,,,583
,,,,,583
,,,,,581
,,,,,579
,,,,,576
,,,,,572
,,,,,566
,,,,,559
,,,,,551
,,,,,542
59,2016,09,20,48457882,534
,,,,,526
,,,,,519
,,,,,513
,,,,,508
,,,,,502
,,,,,498
,,,,,494
,,,,,493
,,,,,493
,,,,,495
,,,,,499
,,,,,506
,,,,,512
,,,,,520
,,,,,527
,,,,,534
,,,,,539
,,,,,542
,,,,,544
,,,,,545
,,,,,545
,,,,,543
,,,,,541
,,,,,538
,,,,,534
,,,,,529
,,,,,523
,,,,,517
,,,,,512
,,,,,508
,,,,,505
,,,,,503
,,,,,501
,,,,,499
,,,,,495
,,,,,492
,,,,,490
,,,,,488
,,,,,488
,,,,,488
,,,,,490
,,,,,492
,,,,,494
,,,,,496
,,,,,498
,,,,,498
,,,,,497
,,,,,496
,,,,,495
,,,,,493
,,,,,493
,,,,,493
,,,,,496
,,,,,499
,,,,,504
,,,,,508
,,,,,512
,,,,,515
,,,,,518
,,,,,521
,,,,,525
,,,,,528
60,2016,09,20,48458134,531
,,,,,533
,,,,,534
,,,,,534
,,,,,533
,,,,,532
,,,,,531
,,,,,531
,,,,,532
,,,,,534
,,,,,536
,,,,,538
,,,,,539
,,,,,539
,,,,,539
,,,,,538
,,,,,538
,,,,,537
,,,,,537
,,,,,538
,,,,,538
,,,,,538
,,,,,538
,,,,,537
,,,,,535
,,,,,533
,,,,,530
,,,,,527
,,,,,525
,,,,,523
,,,,,521
,,,,,519
,,,,,518
,,,,,517
,,,,,516
,,,,,515
,,,,,514
,,,,,514
,,,,,514
,,,,,515
,,,,,516
,,,,,518
,,,,,519
,,,,,519
,,,,,518
,,,,,517
,,,,,515
,,,,,514
,,,,,513
,,,,,512
,,,,,512
,,,,,511
,,,,,510
,,,,,509
,,,,,508
,,,,,507
,,,,,506
,,,,,506
,,,,,506
,,,,,506
,,,,,506
,,,,,506
,,,,,505
61,2016,09,20,48458386,503
,,,,,501
,,,,,499
,,,,,498
,,,,,496
,,,,,494
,,,,,494
,,,,,494
,,,,,494
,,,,,494
,,,,,495
,,,,,494
,,,,,494
,,,,,494
,,,,,495
,,,,,496
,,,,,499
,,,,,502
,,,,,505
,,,,,507
,,,,,509
,,,,,509
,,,,,509
,,,,,508
,,,,,508
,,,,,507
,,,,,508
,,,,,511
,,,,,516
,,,,,522
,,,,,528
,,,,,532
,,,,,533
,,,,,530
,,,,,523
,,,,,513
,,,,,504
,,,,,495
,,,,,491
,,,,,491
,,,,,495
,,,,,500
,,,,,506
,,,,,511
,,,,,514
,,,,,518
,,,,,521
,,,,,523
,,,,,525
,,,,,526
,,,,,525
,,,,,524
,,,,,522
,,,,,521
,,,,,519
,,,,,518
,,,,,517
,,,,,518
,,,,,521
,,,,,525
,,,,,529
,,,,,533
,,,,,536
62,2016,09,20,48458638,536
,,,,,537
,,,,,537
,,,,,537
,,,,,538
,,,,,538
,,,,,538
,,,,,537
,,,,,535
,,,,,533
,,,,,530
,,,,,528
,,,,,525
,,,,,523
,,,,,522
,,,,,522
,,,,,521
,,,,,520
,,,,,519
,,,,,518
,,,,,517
,,,,,516
,,,,,516
,,,,,517
,,,,,518
,,,,,518
,,,,,519
,,,,,520
,,,,,520
,,,,,519
,,,,,519
,,,,,520
,,,,,521
,,,,,523
,,,,,524
,,,,,526
,,,,,527
,,,,,528
,,,,,527
,,,,,526
,,,,,524
,,,,,521
,,,,,519
,,,,,517
,,,,,516
,,,,,515
,,,,,514
,,,,,513
,,,,,512
,,,,,510
,,,,,507
,,,,,506
,,,,,505
,,,,,505
,,,,,506
,,,,,506
,,,,,507
,,,,,507
,,,,,506
,,,,,506
,,,,,506
,,,,,506
,,,,,506
63,2016,09,20,48458890,507
,,,,,507
,,,,,506
,,,,,505
,,,,,504
,,,,,501
,,,,,499
,,,,,497
,,,,,496
,,,,,497
,,,,,499
,,,,,502
,,,,,505
,,,,,508
,,,,,510
,,,,,512
,,,,,513
,,,,,513
,,,,,513
,,,,,513
,,,,,512
,,,,,512
,,,,,512
,,,,,511
,,,,,511
,,,,,511
,,,,,511
,,,,,511
,,,,,512
,,,,,513
,,,,,515
,,,,,517
,,,,,520
,,,,,521
,,,,,523
,,,,,523
,,,,,523
,,,,,523
,,,,,522
,,,,,522
,,,,,523
,,,,,522
,,,,,522
,,,,,521
,,,,,519
,,,,,517
,,,,,514
,,,,,512
,,,,,510
,,,,,508
,,,,,508
,,,,,508
,,,,,509
,,,,,511
,,,,,512
,,,,,513
,,,,,514
,,,,,514
,,,,,515
,,,,,517
,,,,,519
,,,,,521
,,,,,523
64,2016,09,20,48459142,524
,,,,,524
,,,,,524
,,,,,523
,,,,,522
,,,,,522
,,,,,523
,,,,,525
,,,,,527
,,,,,530
,,,,,532
,,,,,533
,,,,,533
,,,,,533
,,,,,533
,,,,,533
,,,,,534
,,,,,536
,,,,,537
,,,,,539
,,,,,540
,,,,,541
,,,,,541
,,,,,540
,,,,,539
,,,,,538
,,,,,537
,,,,,537
,,,,,537
,,,,,537
,,,,,536
,,,,,536
,,,,,534
,,,,,533
,,,,,532
,,,,,531
,,,,,531
,,,,,531
,,,,,532
,,,,,534
,,,,,536
,,,,,538
,,,,,540
,,,,,542
,,,,,544
,,,,,545
,,,,,547
,,,,,548
,,,,,548
,,,,,549
,,,,,551
,,,,,553
,,,,,557
,,,,,561
,,,,,565
,,,,,568
,,,,,567
,,,,,564
,,,,,557
,,,,,548
,,,,,539
,,,,,531
,,,,,527
65,2016,09,20,48459394,527
,,,,,530
,,,,,534
,,,,,540
,,,,,547
,,,,,553
,,,,,558
,,,,,562
,,,,,565
,,,,,565
,,,,,565
,,,,,564
,,,,,563
,,,,,564
,,,,,565
,,,,,566
,,,,,568
,,,,,569
,,,,,570
,,,,,571
,,,,,573
,,,,,576
,,,,,577
,,,,,577
,,,,,576
,,,,,574
,,,,,571
,,,,,568
,,,,,564
,,,,,561
,,,,,559
,,,,,558
,,,,,557
,,,,,557
,,,,,559
,,,,,560
,,,,,562
,,,,,564
,,,,,565
,,,,,566
,,,,,566
,,,,,566
,,,,,566
,,,,,566
,,,,,567
,,,,,568
,,,,,568
,,,,,569
,,,,,568
,,,,,567
,,,,,566
,,,,,566
,,,,,565
,,,,,565
,,,,,566
,,,,,568
,,,,,570
,,,,,572
,,,,,574
,,,,,575
,,,,,576
,,,,,577
,,,,,579
66,2016,09,20,48459646,580
,,,,,582
,,,,,583
,,,,,583
,,,,,583
,,,,,581
,,,,,579
,,,,,575
,,,,,572
,,,,,569
,,,,,566
,,,,,563
,,,,,561
,,,,,559
,,,,,557
,,,,,554
,,,,,552
,,,,,549
,,,,,547
,,,,,546
,,,,,546
,,,,,547
,,,,,548
,,,,,549
,,,,,550
,,,,,550
,,,,,549
,,,,,548
,,,,,546
,,,,,545
,,,,,544
,,,,,544
,,,,,546
,,,,,549
,,,,,552
,,,,,555
,,,,,557
,,,,,559
,,,,,560
,,,,,560
,,,,,560
,,,,,559
,,,,,558
,,,,,556
,,,,,554
,,,,,551
,,,,,549
,,,,,547
,,,,,546
,,,,,545
,,,,,545
,,,,,546
,,,,,547
,,,,,548
,,,,,548
,,,,,548
,,,,,548
,,,,,547
,,,,,547
,,,,,547
,,,,,547
,,,,,547
,,,,,547
67,2016,09,20,48459898,546
,,,,,545
,,,,,543
,,,,,540
,,,,,538
,,,,,535
,,,,,534
,,,,,532
,,,,,532
,,,,,531
,,,,,531
,,,,,531
,,,,,531
,,,,,530
,,,,,530
,,,,,529
,,,,,529
,,,,,530
,,,,,531
,,,,,533
,,,,,535
,,,,,536
,,,,,535
,,,,,534
,,,,,532
,,,,,531
,,,,,529
,,,,,528
,,,,,529
,,,,,530
,,,,,531
,,,,,532
,,,,,532
,,,,,532
,,,,,531
,,,,,530
,,,,,529
,,,,,529
,,,,,530
,,,,,531
,,,,,533
,,,,,534
,,,,,535
,,,,,535
,,,,,535
,,,,,535
,,,,,535
,,,,,535
,,,,,536
,,,,,536
,,,,,537
,,,,,537
,,,,,536
,,,,,534
,,,,,532
,,,,,531
,,,,,530
,,,,,529
,,,,,530
,,,,,530
,,,,,531
,,,,,532
,,,,,533
68,2016,09,20,48460150,534
,,,,,537
,,,,,542
,,,,,549
,,,,,556
,,,,,562
,,,,,564
,,,,,562
,,,,,553
,,,,,541
,,,,,528
,,,,,517
,,,,,510
,,,,,507
,,,,,508
,,,,,510
,,,,,513
,,,,,518
,,,,,523
,,,,,529
,,,,,536
,,,,,541
,,,,,543
,,,,,545
,,,,,546
,,,,,546
,,,,,545
,,,,,544
,,,,,541
,,,,,539
,,,,,537
,,,,,537
,,,,,538
,,,,,539
,,,,,541
,,,,,541
,,,,,541
,,,,,539
,,,,,537
,,,,,534
,,,,,530
,,,,,526
,,,,,523
,,,,,521
,,,,,520
,,,,,520
,,,,,521
,,,,,522
,,,,,522
,,,,,523
,,,,,523
,,,,,523
,,,,,523
,,,,,523
,,,,,523
,,,,,522
,,,,,521
,,,,,520
,,,,,519
,,,,,517
,,,,,514
,,,,,511
,,,,,508
69,2016,09,20,48460402,506
,,,,,504
,,,,,504
,,,,,503
,,,,,503
,,,,,503
,,,,,502
,,,,,502
,,,,,501
,,,,,500
,,,,,499
,,,,,499
,,,,,500
,,,,,500
,,,,,500
,,,,,499
,,,,,498
,,,,,495
,,,,,492
,,,,,489
,,,,,486
,,,,,485
,,,,,483
,,,,,482
,,,,,480
,,,,,477
,,,,,474
,,,,,470
,,,,,466
,,,,,463
,,,,,460
,,,,,458
,,,,,458
,,,,,459
,,,,,460
,,,,,460
,,,,,460
,,,,,459
,,,,,456
,,,,,453
,,,,,450
,,,,,447
,,,,,443
,,,,,440
,,,,,438
,,,,,436
,,,,,435
,,,,,435
,,,,,436
,,,,,438
,,,,,441
,,,,,443
,,,,,445
,,,,,447
,,,,,448
,,,,,447
,,,,,446
,,,,,445
,,,,,442
,,,,,440
,,,,,438
,,,,,437
,,,,,437
70,2016,09,20,48460654,438
,,,,,440
,,,,,442
,,,,,444
,,,,,444
,,,,,444
,,,,,443
,,,,,442
,,,,,440
,,,,,437
,,,,,435
,,,,,433
,,,,,430
,,,,,427
,,,,,424
,,,,,420
,,,,,418
,,,,,416
,,,,,416
,,,,,417
,,,,,417
,,,,,418
,,,,,419
,,,,,419
,,,,,419
,,,,,418
,,,,,417
,,,,,417
,,,,,417
,,,,,417
,,,,,418
,,,,,419
,,,,,419
,,,,,420
,,,,,419
,,,,,419
,,,,,419
,,,,,420
,,,,,420
,,,,,422
,,,,,424
,,,,,425
,,,,,426
,,,,,426
,,,,,425
,,,,,424
,,,,,424
,,,,,424
,,,,,424
,,,,,426
,,,,,427
,,,,,429
,,,,,431
,,,,,433
,,,,,434
,,,,,434
,,,,,435
,,,,,436
,,,,,437
,,,,,439
,,,,,441
,,,,,442
,,,,,444
71,2016,09,20,48460906,445
,,,,,445
,,,,,445
,,,,,444
,,,,,444
,,,,,445
,,,,,446
,,,,,449
,,,,,453
,,,,,459
,,,,,465
,,,,,472
,,,,,478
,,,,,482
,,,,,482
,,,,,477
,,,,,468
,,,,,457
,,,,,447
,,,,,439
,,,,,435
,,,,,434
,,,,,436
,,,,,440
,,,,,444
,,,,,450
,,,,,456
,,,,,463
,,,,,469
,,,,,474
,,,,,478
,,,,,479
,,,,,479
,,,,,478
,,,,,477
,,,,,475
,,,,,473
,,,,,472
,,,,,472
,,,,,474
,,,,,477
,,,,,479
,,,,,482
,,,,,483
,,,,,484
,,,,,484
,,,,,485
,,,,,485
,,,,,484
,,,,,483
,,,,,481
,,,,,479
,,,,,478
,,,,,476
,,,,,474
,,,,,473
,,,,,473
,,,,,473
,,,,,473
,,,,,474
,,,,,475
,,,,,474
,,,,,473
72,2016,09,20,48461158,471
,,,,,469
,,,,,469
,,,,,470
,,,,,471
,,,,,473
,,,,,474
,,,,,474
,,,,,474
,,,,,474
,,,,,473
,,,,,473
,,,,,474
,,,,,476
,,,,,478
,,,,,480
,,,,,481
,,,,,483
,,,,,483
,,,,,483
,,,,,482
,,,,,482
,,,,,482
,,,,,482
,,,,,483
,,,,,483
,,,,,483
,,,,,483
,,,,,482
,,,,,481
,,,,,479
,,,,,478
,,,,,477
,,,,,477
,,,,,477
,,,,,477
,,,,,476
,,,,,475
,,,,,473
,,,,,470
,,,,,469
,,,,,468
,,,,,469
,,,,,471
,,,,,473
,,,,,474
,,,,,473
,,,,,472
,,,,,470
,,,,,468
,,,,,467
,,,,,466
,,,,,466
,,,,,467
,,,,,470
,,,,,473
,,,,,478
,,,,,481
,,,,,485
,,,,,487
,,,,,490
,,,,,492
,,,,,493
73,2016,09,20,48461410,494
,,,,,495
,,,,,496
,,,,,495
,,,,,494
,,,,,493
,,,,,492
,,,,,492
,,,,,493
,,,,,496
,,,,,500
,,,,,504
,,,,,509
,,,,,512
,,,,,514
,,,,,515
,,,,,515
,,,,,514
,,,,,513
,,,,,513
,,,,,512
,,,,,510
,,,,,508
,,,,,506
,,,,,502
,,,,,499
,,,,,496
,,,,,493
,,,,,491
,,,,,490
,,,,,490
,,,,,490
,,,,,490
,,,,,490
,,,,,490
,,,,,490
,,,,,490
,,,,,490
,,,,,492
,,,,,493
,,,,,495
,,,,,497
,,,,,500
,,,,,502
,,,,,502
,,,,,502
,,,,,502
,,,,,501
,,,,,501
,,,,,501
,,,,,502
,,,,,503
,,,,,504
,,,,,505
,,,,,506
,,,,,507
,,,,,507
,,,,,507
,,,,,508
,,,,,508
,,,,,509
,,,,,510
,,,,,511
74,2016,09,20,48461662,513
,,,,,514
,,,,,515
,,,,,517
,,,,,518
,,,,,519
,,,,,520
,,,,,521
,,,,,523
,,,,,525
,,,,,526
,,,,,527
,,,,,527
,,,,,528
,,,,,528
,,,,,528
,,,,,529
,,,,,529
,,,,,530
,,,,,530
,,,,,529
,,,,,528
,,,,,527
,,,,,526
,,,,,526
,,,,,528
,,,,,532
,,,,,537
,,,,,541
,,,,,544
,,,,,543
,,,,,536
,,,,,524
,,,,,509
,,,,,493
,,,,,480
,,,,,473
,,,,,472
,,,,,476
,,,,,482
,,,,,489
,,,,,495
,,,,,500
,,,,,504
,,,,,507
,,,,,510
,,,,,513
,,,,,517
,,,,,520
,,,,,522
,,,,,523
,,,,,524
,,,,,525
,,,,,525
,,,,,525
,,,,,525
,,,,,526
,,,,,529
,,,,,533
,,,,,538
,,,,,542
,,,,,545
,,,,,545
75,2016,09,20,48461914,545
,,,,,543
,,,,,542
,,,,,542
,,,,,544
,,,,,547
,,,,,550
,,,,,554
,,,,,557
,,,,,559
,,,,,559
,,,,,559
,,,,,558
,,,,,558
,,,,,557
,,,,,557
,,,,,557
,,,,,557
,,,,,557
,,,,,556
,,,,,556
,,,,,556
,,,,,556
,,,,,556
,,,,,556
,,,,,557
,,,,,557
,,,,,559
,,,,,560
,,,,,561
,,,,,561
,,,,,561
,,,,,561
,,,,,562
,,,,,563
,,,,,565
,,,,,568
,,,,,570
,,,,,573
,,,,,574
,,,,,574
,,,,,574
,,,,,573
,,,,,572
,,,,,571
,,,,,570
,,,,,569
,,,,,568
,,,,,566
,,,,,564
,,,,,561
,,,,,557
,,,,,554
,,,,,551
,,,,,549
,,,,,546
,,,,,544
,,,,,542
,,,,,540
,,,,,538
,,,,,537
,,,,,535
,,,,,535
76,2016,09,20,48462166,537
,,,,,540
,,,,,546
,,,,,554
,,,,,563
,,,,,572
,,,,,580
,,,,,587
,,,,,593
,,,,,597
,,,,,600
,,,,,603
,,,,,604
,,,,,606
,,,,,607
,,,,,607
,,,,,606
,,,,,603
,,,,,598
,,,,,594
,,,,,591
,,,,,589
,,,,,588
,,,,,588
,,,,,588
,,,,,589
,,,,,589
,,,,,589
,,,,,589
,,,,,589
,,,,,591
,,,,,593
,,,,,596
,,,,,599
,,,,,602
,,,,,604
,,,,,605
,,,,,606
,,,,,607
,,,,,609
,,,,,611
,,,,,613
,,,,,615
,,,,,615
,,,,,615
,,,,,613
,,,,,610
,,,,,605
,,,,,601
,,,,,599
,,,,,597
,,,,,595
,,,,,592
,,,,,586
,,,,,579
,,,,,572
,,,,,569
,,,,,569
,,,,,572
,,,,,576
,,,,,580
,,,,,583
,,,,,586
77,2016,09,20,48462418,590
,,,,,594
,,,,,597
,,,,,600
,,,,,602
,,,,,603
,,,,,603
,,,,,602
,,,,,601
,,,,,599
,,,,,596
,,,,,593
,,,,,589
,,,,,584
,,,,,579
,,,,,574
,,,,,569
,,,,,565
,,,,,563
,,,,,561
,,,,,560
,,,,,559
,,,,,558
,,,,,556
,,,,,554
,,,,,552
,,,,,550
,,,,,548
,,,,,547
,,,,,545
,,,,,544
,,,,,543
,,,,,541
,,,,,540
,,,,,539
,,,,,539
,,,,,539
,,,,,540
,,,,,541
,,,,,541
,,,,,541
,,,,,540
,,,,,538
,,,,,535
,,,,,532
,,,,,529
,,,,,525
,,,,,521
,,,,,518
,,,,,515
,,,,,512
,,,,,511
,,,,,512
,,,,,514
,,,,,519
,,,,,524
,,,,,529
,,,,,531
,,,,,531
,,,,,526
,,,,,518
,,,,,508
,,,,,499
78,2016,09,20,48462670,492
,,,,,489
,,,,,490
,,,,,495
,,,,,500
,,,,,507
,,,,,513
,,,,,519
,,,,,525
,,,,,529
,,,,,532
,,,,,534
,,,,,534
,,,,,535
,,,,,537
,,,,,539
,,,,,542
,,,,,544
,,,,,545
,,,,,547
,,,,,549
,,,,,552
,,,,,557
,,,,,560
,,,,,562
,,,,,561
,,,,,556
,,,,,550
,,,,,543
,,,,,535
,,,,,528
,,,,,523
,,,,,519
,,,,,516
,,,,,515
,,,,,514
,,,,,516
,,,,,518
,,,,,521
,,,,,524
,,,,,527
,,,,,529
,,,,,531
,,,,,532
,,,,,532
,,,,,532
,,,,,531
,,,,,530
,,,,,528
,,,,,526
,,,,,524
,,,,,522
,,,,,520
,,,,,519
,,,,,519
,,,,,518
,,,,,519
,,,,,519
,,,,,519
,,,,,519
,,,,,518
,,,,,516
,,,,,513
79,2016,09,20,48462922,511
,,,,,510
,,,,,509
,,,,,509
,,,,,508
,,,,,507
,,,,,505
,,,,,502
,,,,,498
,,,,,494
,,,,,491
,,,,,488
,,,,,486
,,,,,484
,,,,,482
,,,,,479
,,,,,477
,,,,,475
,,,,,472
,,,,,469
,,,,,466
,,,,,465
,,,,,465
,,,,,467
,,,,,469
,,,,,470
,,,,,470
,,,,,466
,,,,,460
,,,,,454
,,,,,449
,,,,,445
,,,,,442
,,,,,442
,,,,,444
,,,,,447
,,,,,450
,,,,,454
,,,,,456
,,,,,459
,,,,,462
,,,,,465
,,,,,469
,,,,,473
,,,,,476
,,,,,478
,,,,,478
,,,,,477
,,,,,477
,,,,,476
,,,,,477
,,,,,478
,,,,,480
,,,,,482
,,,,,483
,,,,,485
,,,,,486
,,,,,487
,,,,,488
,,,,,489
,,,,,491
,,,,,493
,,,,,494
80,2016,09,20,48463174,495
,,,,,495
,,,,,494
,,,,,493
,,,,,491
,,,,,489
,,,,,487
,,,,,486
,,,,,485
,,,,,484
,,,,,484
,,,,,483
,,,,,482
,,,,,481
,,,,,479
,,,,,476
,,,,,472
,,,,,469
,,,,,467
,,,,,466
,,,,,466
,,,,,468
,,,,,469
,,,,,469
,,,,,469
,,,,,468
,,,,,468
,,,,,469
,,,,,470
,,,,,472
,,,,,473
,,,,,474
,,,,,473
,,,,,471
,,,,,469
,,,,,467
,,,,,466
,,,,,465
,,,,,466
,,,,,468
,,,,,471
,,,,,475
,,,,,479
,,,,,482
,,,,,484
,,,,,486
,,,,,488
,,,,,490
,,,,,492
,,,,,492
,,,,,491
,,,,,490
,,,,,488
,,,,,485
,,,,,483
,,,,,481
,,,,,479
,,,,,478
,,,,,479
,,,,,480
,,,,,482
,,,,,484
,,,,,485
81,2016,09,20,48463426,485
,,,,,485
,,,,,484
,,,,,483
,,,,,483
,,,,,485
,,,,,487
,,,,,489
,,,,,492
,,,,,495
,,,,,499
,,,,,504
,,,,,512
,,,,,520
,,,,,530
,,,,,539
,,,,,544
,,,,,546
,,,,,541
,,,,,531
,,,,,517
,,,,,502
,,,,,490
,,,,,483
,,,,,482
,,,,,484
,,,,,490
,,,,,498
,,,,,506
,,,,,515
,,,,,523
,,,,,528
,,,,,530
,,,,,531
,,,,,533
,,,,,534
,,,,,535
,,,,,532
,,,,,526
,,,,,518
,,,,,511
,,,,,509
,,,,,512
,,,,,517
,,,,,521
,,,,,522
,,,,,519
,,,,,515
,,,,,509
,,,,,503
,,,,,497
,,,,,490
,,,,,483
,,,,,477
,,,,,472
,,,,,470
,,,,,470
,,,,,471
,,,,,474
,,,,,477
,,,,,479
,,,,,480
,,,,,481
82,2016,09,20,48463678,481
,,,,,482
,,,,,483
,,,,,484
,,,,,485
,,,,,487
,,,,,489
,,,,,490
,,,,,491
,,,,,493
,,,,,494
,,,,,495
,,,,,497
,,,,,500
,,,,,503
,,,,,505
,,,,,507
,,,,,509
,,,,,510
,,,,,511
,,,,,512
,,,,,513
,,,,,514
,,,,,515
,,,,,515
,,,,,515
,,,,,514
,,,,,512
,,,,,509
,,,,,506
,,,,,503
,,,,,501
,,,,,500
,,,,,499
,,,,,499
,,,,,499
,,,,,499
,,,,,498
,,,,,496
,,,,,494
,,,,,491
,,,,,487
,,,,,484
,,,,,482
,,,,,480
,,,,,480
,,,,,479
,,,,,477
,,,,,472
,,,,,467
,,,,,461
,,,,,456
,,,,,452
,,,,,448
,,,,,445
,,,,,443
,,,,,441
,,,,,442
,,,,,444
,,,,,447
,,,,,451
,,,,,456
,,,,,461
83,2016,09,20,48463930,467
,,,,,473
,,,,,478
,,,,,482
,,,,,484
,,,,,484
,,,,,483
,,,,,482
,,,,,481
,,,,,482
,,,,,485
,,,,,488
,,,,,492
,,,,,496
,,,,,498
,,,,,498
,,,,,498
,,,,,496
,,,,,493
,,,,,490
,,,,,488
,,,,,487
,,,,,485
,,,,,483
,,,,,481
,,,,,480
,,,,,480
,,,,,481
,,,,,483
,,,,,486
,,,,,491
,,,,,495
,,,,,499
,,,,,502
,,,,,505
,,,,,506
,,,,,506
,,,,,505
,,,,,503
,,,,,500
,,,,,496
,,,,,493
,,,,,489
,,,,,485
,,,,,481
,,,,,476
,,,,,472
,,,,,467
,,,,,464
,,,,,462
,,,,,460
,,,,,458
,,,,,457
,,,,,455
,,,,,453
,,,,,452
,,,,,451
,,,,,452
,,,,,453
,,,,,456
,,,,,460
,,,,,464
,,,,,469
84,2016,09,20,48464182,474
,,,,,478
,,,,,482
,,,,,486
,,,,,489
,,,,,492
,,,,,495
,,,,,499
,,,,,502
,,,,,506
,,,,,509
,,,,,511
,,,,,512
,,,,,512
,,,,,513
,,,,,514
,,,,,516
,,,,,519
,,,,,522
,,,,,525
,,,,,526
,,,,,527
,,,,,528
,,,,,530
,,,,,533
,,,,,536
,,,,,540
,,,,,544
,,,,,547
,,,,,549
,,,,,551
,,,,,552
,,,,,554
,,,,,555
,,,,,559
,,,,,567
,,,,,576
,,,,,587
,,,,,595
,,,,,598
,,,,,595
,,,,,586
,,,,,573
,,,,,558
,,,,,544
,,,,,534
,,,,,529
,,,,,530
,,,,,535
,,,,,542
,,,,,548
,,,,,553
,,,,,556
,,,,,557
,,,,,557
,,,,,560
,,,,,566
,,,,,577
,,,,,591
,,,,,604
,,,,,613
,,,,,616
,,,,,616
85,2016,09,20,48464434,616
,,,,,619
,,,,,628
,,,,,642
,,,,,657
,,,,,671
,,,,,682
,,,,,689
,,,,,691
,,,,,691
,,,,,690
,,,,,689
,,,,,688
,,,,,688
,,,,,687
,,,,,685
,,,,,681
,,,,,674
,,,,,666
,,,,,656
,,,,,646
,,,,,635
,,,,,625
,,,,,616
,,,,,606
,,,,,597
,,,,,588
,,,,,579
,,,,,570
,,,,,560
,,,,,551
,,,,,542
,,,,,533
,,,,,525
,,,,,518
,,,,,512
,,,,,507
,,,,,502
,,,,,498
,,,,,494
,,,,,491
,,,,,488
,,,,,486
,,,,,484
,,,,,483
,,,,,483
,,,,,483
,,,,,482
,,,,,482
,,,,,481
,,,,,479
,,,,,478
,,,,,477
,,,,,478
,,,,,480
,,,,,482
,,,,,484
,,,,,486
,,,,,487
,,,,,489
,,,,,491
,,,,,495
,,,,,499
86,2016,09,20,48464686,504
,,,,,507
,,,,,508
,,,,,508
,,,,,508
,,,,,508
,,,,,508
,,,,,507
,,,,,505
,,,,,500
,,,,,493
,,,,,486
,,,,,479
,,,,,472
,,,,,466
,,,,,462
,,,,,460
,,,,,461
,,,,,464
,,,,,467
,,,,,470
,,,,,472
,,,,,474
,,,,,476
,,,,,478
,,,,,479
,,,,,478
,,,,,474
,,,,,469
,,,,,461
,,,,,454
,,,,,447
,,,,,442
,,,,,440
,,,,,439
,,,,,439
,,,,,439
,,,,,437
,,,,,435
,,,,,434
,,,,,433
,,,,,434
,,,,,436
,,,,,440
,,,,,444
,,,,,448
,,,,,451
,,,,,455
,,,,,459
,,,,,465
,,,,,473
,,,,,482
,,,,,493
,,,,,504
,,,,,515
,,,,,523
,,,,,530
,,,,,533
,,,,,535
,,,,,534
,,,,,532
,,,,,529
,,,,,526
87,2016,09,20,48464938,522
,,,,,518
,,,,,515
,,,,,512
,,,,,510
,,,,,510
,,,,,510
,,,,,510
,,,,,510
,,,,,509
,,,,,507
,,,,,505
,,,,,501
,,,,,498
,,,,,495
,,,,,493
,,,,,491
,,,,,490
,,,,,491
,,,,,492
,,,,,495
,,,,,499
,,,,,503
,,,,,507
,,,,,511
,,,,,514
,,,,,518
,,,,,523
,,,,,528
,,,,,534
,,,,,539
,,,,,543
,,,,,545
,,,,,547
,,,,,549
,,,,,552
,,,,,554
,,,,,557
,,,,,561
,,,,,564
,,,,,566
,,,,,567
,,,,,565
,,,,,562
,,,,,556
,,,,,548
,,,,,540
,,,,,531
,,,,,523
,,,,,515
,,,,,509
,,,,,503
,,,,,498
,,,,,493
,,,,,489
,,,,,487
,,,,,486
,,,,,487
,,,,,491
,,,,,495
,,,,,501
,,,,,507
,,,,,512
88,2016,09,20,48465190,516
,,,,,520
,,,,,524
,,,,,529
,,,,,534
,,,,,541
,,,,,550
,,,,,560
,,,,,568
,,,,,575
,,,,,577
,,,,,575
,,,,,568
,,,,,558
,,,,,547
,,,,,537
,,,,,530
,,,,,528
,,,,,532
,,,,,540
,,,,,549
,,,,,558
,,,,,563
,,,,,565
,,,,,563
,,,,,557
,,,,,550
,,,,,543
,,,,,536
,,,,,529
,,,,,523
,,,,,518
,,,,,513
,,,,,509
,,,,,506
,,,,,505
,,,,,506
,,,,,511
,,,,,517
,,,,,524
,,,,,528
,,,,,530
,,,,,531
,,,,,531
,,,,,532
,,,,,534
,,,,,537
,,,,,541
,,,,,546
,,,,,550
,,,,,553
,,,,,555
,,,,,555
,,,,,554
,,,,,553
,,,,,552
,,,,,551
,,,,,550
,,,,,548
,,,,,546
,,,,,542
,,,,,536
,,,,,530
89,2016,09,20,48465442,525
,,,,,520
,,,,,516
,,,,,512
,,,,,509
,,,,,505
,,,,,502
,,,,,498
,,,,,495
,,,,,493
,,,,,492
,,,,,491
,,,,,492
,,,,,494
,,,,,497
,,,,,500
,,,,,503
,,,,,505
,,,,,506
,,,,,507
,,,,,507
,,,,,508
,,,,,509
,,,,,511
,,,,,513
,,,,,514
,,,,,514
,,,,,514
,,,,,512
,,,,,511
,,,,,510
,,,,,510
,,,,,510
,,,,,511
,,,,,511
,,,,,511
,,,,,510
,,,,,508
,,,,,506
,,,,,504
,,,,,504
,,,,,504
,,,,,503
,,,,,499
,,,,,494
,,,,,487
,,,,,480
,,,,,473
,,,,,467
,,,,,462
,,,,,459
,,,,,457
,,,,,458
,,,,,460
,,,,,464
,,,,,469
,,,,,473
,,,,,477
,,,,,482
,,,,,487
,,,,,493
,,,,,498
,,,,,503
90,2016,09,20,48465694,508
,,,,,512
,,,,,514
,,,,,517
,,,,,518
,,,,,520
,,,,,520
,,,,,521
,,,,,521
,,,,,521
,,,,,520
,,,,,519
,,,,,517
,,,,,515
,,,,,513
,,,,,509
,,,,,505
,,,,,500
,,,,,496
,,,,,491
,,,,,487
,,,,,482
,,,,,477
,,,,,472
,,,,,466
,,,,,460
,,,,,454
,,,,,450
,,,,,446
,,,,,444
,,,,,444
,,,,,444
,,,,,445
,,,,,446
,,,,,448
,,,,,451
,,,,,455
,,,,,461
,,,,,468
,,,,,476
,,,,,484
,,,,,491
,,,,,497
,,,,,501
,,,,,504
,,,,,506
,,,,,506
,,,,,506
,,,,,504
,,,,,503
,,,,,501
,,,,,500
,,,,,499
,,,,,498
,,,,,497
,,,,,496
,,,,,496
,,,,,495
,,,,,495
,,,,,495
,,,,,495
,,,,,495
,,,,,494
91,2016,09,20,48465946,493
,,,,,491
,,,,,488
,,,,,485
,,,,,481
,,,,,479
,,,,,477
,,,,,476
,,,,,476
,,,,,476
,,,,,476
,,,,,475
,,,,,475
,,,,,476
,,,,,479
,,,,,483
,,,,,489
,,,,,495
,,,,,501
,,,,,507
,,,,,511
,,,,,515
,,,,,517
,,,,,518
,,,,,520
,,,,,521
,,,,,522
,,,,,523
,,,,,523
,,,,,523
,,,,,520
,,,,,516
,,,,,511
,,,,,504
,,,,,497
,,,,,490
,,,,,482
,,,,,474
,,,,,466
,,,,,458
,,,,,451
,,,,,444
,,,,,440
,,,,,438
,,,,,438
,,,,,439
,,,,,439
,,,,,437
,,,,,431
,,,,,423
,,,,,414
,,,,,406
,,,,,403
,,,,,406
,,,,,415
,,,,,431
,,,,,451
,,,,,472
,,,,,494
,,,,,513
,,,,,529
,,,,,542
,,,,,553
92,2016,09,20,48466198,562
,,,,,570
,,,,,577
,,,,,583
,,,,,586
,,,,,587
,,,,,585
,,,,,578
,,,,,570
,,,,,561
,,,,,553
,,,,,546
,,,,,539
,,,,,531
,,,,,521
,,,,,509
,,,,,498
,,,,,487
,,,,,479
,,,,,474
,,,,,472
,,,,,472
,,,,,475
,,,,,480
,,,,,487
,,,,,494
,,,,,500
,,,,,505
,,,,,509
,,,,,512
,,,,,514
,,,,,517
,,,,,519
,,,,,522
,,,,,525
,,,,,527
,,,,,528
,,,,,528
,,,,,528
,,,,,528
,,,,,529
,,,,,531
,,,,,534
,,,,,537
,,,,,541
,,,,,545
,,,,,548
,,,,,549
,,,,,549
,,,,,547
,,,,,544
,,,,,540
,,,,,536
,,,,,531
,,,,,526
,,,,,520
,,,,,513
,,,,,506
,,,,,498
,,,,,490
,,,,,482
,,,,,476
,,,,,473
93,2016,09,20,48466450,472
,,,,,474
,,,,,478
,,,,,483
,,,,,490
,,,,,496
,,,,,502
,,,,,508
,,,,,512
,,,,,516
,,,,,520
,,,,,522
,,,,,524
,,,,,524
,,,,,521
,,,,,516
,,,,,509
,,,,,499
,,,,,488
,,,,,478
,,,,,470
,,,,,465
,,,,,460
,,,,,458
,,,,,458
,,,,,459
,,,,,463
,,,,,469
,,,,,476
,,,,,483
,,,,,492
,,,,,501
,,,,,510
,,,,,518
,,,,,525
,,,,,531
,,,,,534
,,,,,537
,,,,,538
,,,,,538
,,,,,539
,,,,,539
,,,,,538
,,,,,537
,,,,,534
,,,,,531
,,,,,527
,,,,,524
,,,,,521
,,,,,521
,,,,,521
,,,,,521
,,,,,522
,,,,,522
,,,,,520
,,,,,517
,,,,,512
,,,,,505
,,,,,497
,,,,,489
,,,,,481
,,,,,474
,,,,,467
94,2016,09,20,48466702,462
,,,,,458
,,,,,454
,,,,,451
,,,,,450
,,,,,452
,,,,,458
,,,,,468
,,,,,479
,,,,,493
,,,,,507
,,,,,521
,,,,,534
,,,,,547
,,,,,558
,,,,,567
,,,,,575
,,,,,581
,,,,,584
,,,,,586
,,,,,585
,,,,,581
,,,,,575
,,,,,568
,,,,,559
,,,,,550
,,,,,542
,,,,,534
,,,,,527
,,,,,522
,,,,,518
,,,,,516
,,,,,515
,,,,,515
,,,,,517
,,,,,519
,,,,,522
,,,,,524
,,,,,524
,,,,,523
,,,,,520
,,,,,514
,,,,,506
,,,,,497
,,,,,487
,,,,,478
,,,,,470
,,,,,464
,,,,,460
,,,,,459
,,,,,460
,,,,,463
,,,,,469
,,,,,478
,,,,,488
,,,,,500
,,,,,514
,,,,,529
,,,,,543
,,,,,557
,,,,,569
,,,,,580
,,,,,589
95,2016,09,20,48466954,596
,,,,,600
,,,,,603
,,,,,604
,,,,,602
,,,,,599
,,,,,594
,,,,,587
,,,,,578
,,,,,569
,,,,,559
,,,,,550
,,,,,542
,,,,,536
,,,,,531
,,,,,529
,,,,,528
,,,,,529
,,,,,533
,,,,,538
,,,,,544
,,,,,548
,,,,,549
,,,,,545
,,,,,536
,,,,,523
,,,,,506
,,,,,490
,,,,,477
,,,,,469
,,,,,467
,,,,,471
,,,,,479
,,,,,491
,,,,,506
,,,,,524
,,,,,544
,,,,,564
,,,,,582
,,,,,599
,,,,,614
,,,,,628
,,,,,641
,,,,,652
,,,,,659
,,,,,662
,,,,,660
,,,,,658
,,,,,655
,,,,,651
,,,,,644
,,,,,634
,,,,,619
,,,,,602
,,,,,583
,,,,,565
,,,,,550
,,,,,537
,,,,,526
,,,,,519
,,,,,514
,,,,,512
,,,,,514
96,2016,09,20,48467207,519
,,,,,526
,,,,,536
,,,,,546
,,,,,555
,,,,,562
,,,,,567
,,,,,568
,,,,,566
,,,,,562
,,,,,556
,,,,,548
,,,,,540
,,,,,532
,,,,,523
,,,,,516
,,,,,509
,,,,,505
,,,,,504
,,,,,506
,,,,,511
,,,,,518
,,,,,527
,,,,,538
,,,,,549
,,,,,560
,,,,,569
,,,,,576
,,,,,581
,,,,,585
,,,,,587
,,,,,587
,,,,,586
,,,,,583
,,,,,578
,,,,,573
,,,,,566
,,,,,558
,,,,,551
,,,,,545
,,,,,540
,,,,,536
,,,,,533
,,,,,532
,,,,,531
,,,,,530
,,,,,527
,,,,,524
,,,,,521
,,,,,516
,,,,,512
,,,,,507
,,,,,503
,,,,,499
,,,,,492
,,,,,485
,,,,,475
,,,,,465
,,,,,455
,,,,,446
,,,,,440
,,,,,436
,,,,,437
97,2016,09,20,48467459,441
,,,,,450
,,,,,463
,,,,,479
,,,,,496
,,,,,514
,,,,,532
,,,,,548
,,,,,561
,,,,,571
,,,,,577
,,,,,579
,,,,,576
,,,,,571
,,,,,563
,,,,,554
,,,,,544
,,,,,533
,,,,,523
,,,,,512
,,,,,502
,,,,,491
,,,,,480
,,,,,470
,,,,,462
,,,,,454
,,,,,448
,,,,,443
,,,,,439
,,,,,435
,,,,,432
,,,,,428
,,,,,423
,,,,,419
,,,,,414
,,,,,410
,,,,,406
,,,,,404
,,,,,404
,,,,,405
,,,,,407
,,,,,411
,,,,,415
,,,,,421
,,,,,428
,,,,,435
,,,,,444
,,,,,454
,,,,,465
,,,,,475
,,,,,485
,,,,,494
,,,,,501
,,,,,505
,,,,,508
,,,,,509
,,,,,509
,,,,,508
,,,,,506
,,,,,503
,,,,,500
,,,,,496
,,,,,491
98,2016,09,20,48467711,486
,,,,,480
,,,,,475
,,,,,471
,,,,,468
,,,,,466
,,,,,466
,,,,,465
,,,,,466
,,,,,466
,,,,,465
,,,,,464
,,,,,462
,,,,,459
,,,,,455
,,,,,451
,,,,,445
,,,,,440
,,,,,433
,,,,,425
,,,,,418
,,,,,412
,,,,,407
,,,,,404
,,,,,404
,,,,,406
,,,,,410
,,,,,417
,,,,,425
,,,,,434
,,,,,445
,,,,,456
,,,,,466
,,,,,477
,,,,,487
,,,,,497
,,,,,504
,,,,,511
,,,,,515
,,,,,517
,,,,,517
,,,,,516
,,,,,515
,,,,,515
,,,,,516
,,,,,519
,,,,,523
,,,,,527
,,,,,529
,,,,,527
,,,,,520
,,,,,509
,,,,,494
,,,,,478
,,,,,465
,,,,,457
,,,,,453
,,,,,453
,,,,,454
,,,,,456
,,,,,456
,,,,,454
,,,,,451
99,2016,09,20,48467963,446
,,,,,441
,,,,,436
,,,,,431
,,,,,428
,,,,,426
,,,,,424
,,,,,421
,,,,,419
,,,,,418
,,,,,422
,,,,,432
,,,,,447
,,,,,466
,,,,,485
,,,,,503
,,,,,518
,,,,,530
,,,,,540
,,,,,546
,,,,,551
,,,,,552
,,,,,552
,,,,,548
,,,,,543
,,,,,536
,,,,,527
,,,,,518
,,,,,510
,,,,,502
,,,,,497
,,,,,493
,,,,,492
,,,,,492
,,,,,494
,,,,,496
,,,,,497
,,,,,499
,,,,,500
,,,,,501
,,,,,502
,,,,,503
,,,,,505
,,,,,506
,,,,,505
,,,,,503
,,,,,498
,,,,,491
,,,,,482
,,,,,472
,,,,,463
,,,,,455
,,,,,449
,,,,,446
,,,,,444
,,,,,444
,,,,,445
,,,,,447
,,,,,451
,,,,,457
,,,,,464
,,,,,473
,,,,,482
100,2016,09,20,48468211,493
,,,,,503
,,,,,512
,,,,,521
,,,,,528
,,,,,533
,,,,,536
,,,,,538
,,,,,539
,,,,,540
,,,,,541
,,,,,542
,,,,,542
,,,,,541
,,,,,540
,,,,,540
,,,,,541
,,,,,543
,,,,,544
,,,,,544
,,,,,542
,,,,,537
,,,,,529
,,,,,519
,,,,,509
,,,,,498
,,,,,489
,,,,,483
,,,,,480
,,,,,479
,,,,,480
,,,,,482
,,,,,484
,,,,,486
,,,,,489
,,,,,492
,,,,,497
,,,,,502
,,,,,507
,,,,,512
,,,,,517
,,,,,522
,,,,,526
,,,,,529
,,,,,531
,,,,,534
,,,,,536
,,,,,537
,,,,,536
,,,,,535
,,,,,532
,,,,,528
,,,,,525
,,,,,522
,,,,,518
,,,,,515
,,,,,512
,,,,,508
,,,,,505
,,,,,501
,,,,,497
,,,,,493
,,,,,490
101,2016,09,20,48468463,486
,,,,,483
,,,,,480
,,,,,478
,,,,,477
,,,,,477
,,,,,478
,,,,,480
,,,,,481
,,,,,482
,,,,,483
,,,,,483
,,,,,483
,,,,,482
,,,,,482
,,,,,482
,,,,,483
,,,,,483
,,,,,484
,,,,,484
,,,,,484
,,,,,483
,,,,,482
,,,,,481
,,,,,481
,,,,,483
,,,,,487
,,,,,491
,,,,,497
,,,,,502
,,,,,506
,,,,,510
,,,,,514
,,,,,519
,,,,,524
,,,,,529
,,,,,535
,,,,,540
,,,,,545
,,,,,548
,,,,,550
,,,,,551
,,,,,550
,,,,,547
,,,,,544
,,,,,540
,,,,,536
,,,,,532
,,,,,529
,,,,,525
,,,,,522
,,,,,518
,,,,,515
,,,,,513
,,,,,512
,,,,,511
,,,,,511
,,,,,513
,,,,,515
,,,,,517
,,,,,519
,,,,,520
,,,,,521
102,2016,09,20,48468715,521
,,,,,521
,,,,,521
,,,,,522
,,,,,522
,,,,,523
,,,,,523
,,,,,522
,,,,,521
,,,,,518
,,,,,515
,,,,,512
,,,,,509
,,,,,506
,,,,,503
,,,,,503
,,,,,505
,,,,,509
,,,,,513
,,,,,517
,,,,,520
,,,,,520
,,,,,518
,,,,,515
,,,,,510
,,,,,507
,,,,,506
,,,,,509
,,,,,516
,,,,,526
,,,,,537
,,,,,547
,,,,,555
,,,,,561
,,,,,563
,,,,,562
,,,,,559
,,,,,553
,,,,,547
,,,,,540
,,,,,535
,,,,,532
,,,,,532
,,,,,534
,,,,,537
,,,,,542
,,,,,549
,,,,,556
,,,,,565
,,,,,573
,,,,,581
,,,,,588
,,,,,592
,,,,,595
,,,,,596
,,,,,596
,,,,,594
,,,,,590
,,,,,586
,,,,,580
,,,,,574
,,,,,569
,,,,,565
103,2016,09,20,48468967,561
,,,,,559
,,,,,557
,,,,,556
,,,,,554
,,,,,552
,,,,,549
,,,,,546
,,,,,544
,,,,,542
,,,,,541
,,,,,539
,,,,,538
,,,,,536
,,,,,533
,,,,,530
,,,,,526
,,,,,523
,,,,,521
,,,,,520
,,,,,521
,,,,,523
,,,,,525
,,,,,528
,,,,,532
,,,,,534
,,,,,536
,,,,,538
,,,,,538
,,,,,538
,,,,,538
,,,,,537
,,,,,537
,,,,,536
,,,,,535
,,,,,532
,,,,,529
,,,,,527
,,,,,524
,,,,,523
,,,,,522
,,,,,522
,,,,,523
,,,,,524
,,,,,526
,,,,,527
,,,,,528
,,,,,529
,,,,,529
,,,,,528
,,,,,528
,,,,,529
,,,,,530
,,,,,530
,,,,,528
,,,,,523
,,,,,516
,,,,,510
,,,,,504
,,,,,501
,,,,,501
,,,,,502
,,,,,505
104,2016,09,20,48469223,506
,,,,,508
,,,,,508
,,,,,507
,,,,,506
,,,,,506
,,,,,506
,,,,,506
,,,,,507
,,,,,507
,,,,,507
,,,,,506
,,,,,505
,,,,,505
,,,,,506
,,,,,507
,,,,,508
,,,,,509
,,,,,510
,,,,,509
,,,,,508
,,,,,505
,,,,,502
,,,,,499
,,,,,495
,,,,,492
,,,,,490
,,,,,489
,,,,,488
,,,,,488
,,,,,487
,,,,,487
,,,,,486
,,,,,486
,,,,,485
,,,,,485
,,,,,485
,,,,,486
,,,,,488
,,,,,490
,,,,,491
,,,,,493
,,,,,493
,,,,,494
,,,,,494
,,,,,494
,,,,,495
,,,,,497
,,,,,499
,,,,,501
,,,,,504
,,,,,506
,,,,,508
,,,,,510
,,,,,511
,,,,,513
,,,,,516
,,,,,518
,,,,,521
,,,,,523
,,,,,524
,,,,,525
,,,,,525
105,2016,09,20,48469475,525
,,,,,525
,,,,,525
,,,,,525
,,,,,526
,,,,,527
,,,,,529
,,,,,529
,,,,,529
,,,,,528
,,,,,527
,,,,,526
,,,,,525
,,,,,526
,,,,,527
,,,,,528
,,,,,528
,,,,,529
,,,,,529
,,,,,529
,,,,,528
,,,,,528
,,,,,527
,,,,,527
,,,,,526
,,,,,526
,,,,,527
,,,,,527
,,,,,526
,,,,,525
,,,,,524
,,,,,522
,,,,,522
,,,,,522
,,,,,524
,,,,,526
,,,,,529
,,,,,531
,,,,,532
,,,,,532
,,,,,532
,,,,,531
,,,,,531
,,,,,532
,,,,,534
,,,,,535
,,,,,536
,,,,,537
,,,,,536
,,,,,533
,,,,,531
,,,,,528
,,,,,527
,,,,,527
,,,,,531
,,,,,537
,,,,,544
,,,,,551
,,,,,555
,,,,,556
,,,,,552
,,,,,544
,,,,,533
106,2016,09,20,48469727,523
,,,,,515
,,,,,510
,,,,,510
,,,,,514
,,,,,520
,,,,,527
,,,,,533
,,,,,538
,,,,,541
,,,,,543
,,,,,542
,,,,,540
,,,,,538
,,,,,536
,,,,,533
,,,,,531
,,,,,530
,,,,,529
,,,,,530
,,,,,533
,,,,,538
,,,,,544
,,,,,551
,,,,,557
,,,,,561
,,,,,561
,,,,,559
,,,,,555
,,,,,551
,,,,,547
,,,,,544
,,,,,541
,,,,,539
,,,,,537
,,,,,535
,,,,,534
,,,,,533
,,,,,532
,,,,,533
,,,,,533
,,,,,534
,,,,,536
,,,,,537
,,,,,537
,,,,,536
,,,,,534
,,,,,532
,,,,,530
,,,,,528
,,,,,526
,,,,,526
,,,,,526
,,,,,527
,,,,,528
,,,,,529
,,,,,530
,,,,,531
,,,,,532
,,,,,534
,,,,,536
,,,,,538
,,,,,540
